"시도교육청","교육지원청","지역","정보공시 학교코드","학교명","학교급코드","설립구분","제외여부","제외사유","당해연도 졸업자-남","당해연도 졸업자-여","당해연도 졸업자-합계","당해연도 졸업자-비율","이전연도 졸업자-남","이전연도 졸업자-여","이전연도 졸업자-합계","이전연도 졸업자-비율","검정고시 및 교육과정 이수자-남","검정고시 및 교육과정 이수자-여","검정고시 및 교육과정 이수자-합계","검정고시 및 교육과정 이수자-비율","기 타-남","기 타-여","기 타-합계","기 타-비율","합계-남","합계-여","합계"
"경상북도교육청","경상북도교육청","경상북도 구미시","S000003539","구미전자공업고등학교","04","국립","N","","168","53","221","98.7","0","2","2","0.9","1","0","1","0.4","0","0","0","0.0","169","55","224"
"경상북도교육청","경상북도교육청","경상북도 문경시","S150000712","가은고등학교","04","공립","N","","9","4","13","86.7","1","0","1","6.7","0","1","1","6.7","0","0","0","0.0","10","5","15"
"경상북도교육청","경상북도교육청","경상북도 예천군","S150000714","경북일고등학교","04","공립","N","","107","110","217","99.1","0","1","1","0.5","0","1","1","0.5","0","0","0","0.0","107","112","219"
"경상북도교육청","경상북도교육청","경상북도 경주시","S150000715","한국국제통상마이스터고등학교","04","공립","N","","28","33","61","100.0","0","0","0","0.0","0","0","0","0.0","0","0","0","0.0","28","33","61"
"경상북도교육청","경상북도교육청","경상북도 영덕군","S150000716","강구정보고등학교","04","공립","N","","8","2","10","90.9","1","0","1","9.1","0","0","0","0.0","0","0","0","0.0","9","2","11"
"경상북도교육청","경상북도교육청","경상북도 구미시","S150000718","경구고등학교","04","사립","N","","210","0","210","99.1","2","0","2","0.9","0","0","0","0.0","0","0","0","0.0","212","0","212"
"경상북도교육청","경상북도교육청","경상북도 포항시 남구","S150000719","경북과학고등학교","04","공립","N","","42","18","60","100.0","0","0","0","0.0","0","0","0","0.0","0","0","0","0.0","42","18","60"
"경상북도교육청","경상북도교육청","경상북도 구미시","S150000720","경북생활과학고등학교","04","공립","N","","20","99","119","98.3","0","0","0","0.0","1","0","1","0.8","1","0","1","0.8","22","99","121"
"경상북도교육청","경상북도교육청","경상북도 구미시","S150000721","경북외국어고등학교","04","공립","N","","27","86","113","100.0","0","0","0","0.0","0","0","0","0.0","0","0","0","0.0","27","86","113"
"경상북도교육청","경상북도교육청","경상북도 봉화군","S150000722","한국펫고등학교","04","사립","N","","6","34","40","90.9","0","3","3","6.8","0","1","1","2.3","0","0","0","0.0","6","38","44"
"경상북도교육청","경상북도교육청","경상북도 경산시","S150000723","경북체육고등학교","04","공립","N","","53","29","82","100.0","0","0","0","0.0","0","0","0","0.0","0","0","0","0.0","53","29","82"
"경상북도교육청","경상북도교육청","경상북도 경산시","S150000724","경산고등학교","04","공립","N","","265","0","265","99.6","0","0","0","0.0","1","0","1","0.4","0","0","0","0.0","266","0","266"
"경상북도교육청","경상북도교육청","경상북도 경산시","S150000726","경산여자고등학교","04","사립","N","","0","316","316","98.4","0","1","1","0.3","0","4","4","1.2","0","0","0","0.0","0","321","321"
"경상북도교육청","경상북도교육청","경상북도 경산시","S150000728","경산제일고등학교","04","사립","N","","0","122","122","97.6","0","2","2","1.6","0","1","1","0.8","0","0","0","0.0","0","125","125"
"경상북도교육청","경상북도교육청","경상북도 경산시","S150000729","경북기계금속고등학교","04","공립","N","","120","0","120","98.4","2","0","2","1.6","0","0","0","0.0","0","0","0","0.0","122","0","122"
"경상북도교육청","경상북도교육청","경상북도 안동시","S150000730","경안고등학교","04","사립","N","","133","0","133","100.0","0","0","0","0.0","0","0","0","0.0","0","0","0","0.0","133","0","133"
"경상북도교육청","경상북도교육청","경상북도 안동시","S150000732","경안여자고등학교","04","사립","N","","0","108","108","100.0","0","0","0","0.0","0","0","0","0.0","0","0","0","0.0","0","108","108"
"경상북도교육청","경상북도교육청","경상북도 안동시","S150000733","경일고등학교","04","사립","N","","54","0","54","100.0","0","0","0","0.0","0","0","0","0.0","0","0","0","0.0","54","0","54"
"경상북도교육청","경상북도교육청","경상북도 경주시","S150000734","경주고등학교","04","사립","N","","199","0","199","100.0","0","0","0","0.0","0","0","0","0.0","0","0","0","0.0","199","0","199"
"경상북도교육청","경상북도교육청","경상북도 경주시","S150000735","경주공업고등학교","04","공립","N","","108","9","117","100.0","0","0","0","0.0","0","0","0","0.0","0","0","0","0.0","108","9","117"
"경상북도교육청","경상북도교육청","경상북도 경주시","S150000736","경주디자인고등학교","04","공립","N","","17","36","53","96.4","0","2","2","3.6","0","0","0","0.0","0","0","0","0.0","17","38","55"
"경상북도교육청","경상북도교육청","경상북도 경주시","S150000738","경주여자고등학교","04","공립","N","","0","192","192","99.5","0","0","0","0.0","0","1","1","0.5","0","0","0","0.0","0","193","193"
"경상북도교육청","경상북도교육청","경상북도 경주시","S150000740","경주여자정보고등학교","04","사립","N","","0","175","175","98.3","0","2","2","1.1","0","1","1","0.6","0","0","0","0.0","0","178","178"
"경상북도교육청","경상북도교육청","경상북도 경주시","S150000741","경주정보고등학교","04","사립","N","","184","0","184","92.9","0","0","0","0.0","0","0","0","0.0","14","0","14","7.1","198","0","198"
"경상북도교육청","경상북도교육청","경상북도 경주시","S150000743","경주화랑고등학교","04","사립","N","","12","9","21","77.8","3","2","5","18.5","1","0","1","3.7","0","0","0","0.0","16","11","27"
"경상북도교육청","경상북도교육청","경상북도 경주시","S150000746","계림고등학교","04","공립","N","","108","0","108","93.9","0","0","0","0.0","0","0","0","0.0","7","0","7","6.1","115","0","115"
"경상북도교육청","경상북도교육청","경상북도 고령군","S150000748","한국조리명장고등학교","04","공립","N","","33","14","47","100.0","0","0","0","0.0","0","0","0","0.0","0","0","0","0.0","33","14","47"
"경상북도교육청","경상북도교육청","경상북도 포항시 남구","S150000752","포항과학기술고등학교","04","공립","N","","16","19","35","97.2","1","0","1","2.8","0","0","0","0.0","0","0","0","0.0","17","19","36"
"경상북도교육청","경상북도교육청","경상북도 구미시","S150000753","구미고등학교","04","공립","N","","215","0","215","100.0","0","0","0","0.0","0","0","0","0.0","0","0","0","0.0","215","0","215"
"경상북도교육청","경상북도교육청","경상북도 구미시","S150000756","구미여자고등학교","04","공립","N","","0","213","213","100.0","0","0","0","0.0","0","0","0","0.0","0","0","0","0.0","0","213","213"
"경상북도교육청","경상북도교육청","경상북도 구미시","S150000758","구미정보고등학교","04","공립","N","","70","46","116","98.3","2","0","2","1.7","0","0","0","0.0","0","0","0","0.0","72","46","118"
"경상북도교육청","경상북도교육청","경상북도 구미시","S150000759","구미여자상업고등학교","04","공립","N","","0","144","144","98.6","0","0","0","0.0","0","0","0","0.0","0","2","2","1.4","0","146","146"
"경상북도교육청","경상북도교육청","경상북도 경주시","S150000764","근화여자고등학교","04","사립","N","","0","173","173","99.4","0","0","0","0.0","0","1","1","0.6","0","0","0","0.0","0","174","174"
"경상북도교육청","경상북도교육청","경상북도 의성군","S150000765","금성고등학교","04","공립","N","","5","6","11","91.7","0","1","1","8.3","0","0","0","0.0","0","0","0","0.0","5","7","12"
"경상북도교육청","경상북도교육청","경상북도 구미시","S150000768","금오고등학교","04","공립","N","","105","116","221","98.7","1","2","3","1.3","0","0","0","0.0","0","0","0","0.0","106","118","224"
"경상북도교육청","경상북도교육청","경상북도 구미시","S150000769","금오공업고등학교","04","공립","N","","154","0","154","100.0","0","0","0","0.0","0","0","0","0.0","0","0","0","0.0","154","0","154"
"경상북도교육청","경상북도교육청","경상북도 구미시","S150000770","구미제일고등학교","04","사립","N","","96","117","213","98.6","2","0","2","0.9","0","1","1","0.5","0","0","0","0.0","98","118","216"
"경상북도교육청","경상북도교육청","경상북도 청도군","S150000771","금천고등학교","04","공립","N","","0","0","0","0.0","0","0","0","0.0","0","0","0","0.0","0","0","0","0.0","0","0","0"
"경상북도교육청","경상북도교육청","경상북도 영천시","S150000773","경북휴먼테크고등학교","04","사립","N","","63","3","66","100.0","0","0","0","0.0","0","0","0","0.0","0","0","0","0.0","63","3","66"
"경상북도교육청","경상북도교육청","경상북도 영천시","S150000774","포은고등학교","04","공립","N","","8","8","16","100.0","0","0","0","0.0","0","0","0","0.0","0","0","0","0.0","8","8","16"
"경상북도교육청","경상북도교육청","경상북도 포항시 북구","S150000775","경북세무고등학교","04","공립","N","","17","16","33","97.1","0","1","1","2.9","0","0","0","0.0","0","0","0","0.0","17","17","34"
"경상북도교육청","경상북도교육청","경상북도 안동시","S150000776","길원여자고등학교","04","사립","N","","0","124","124","99.2","0","1","1","0.8","0","0","0","0.0","0","0","0","0.0","0","125","125"
"경상북도교육청","경상북도교육청","경상북도 김천시","S150000777","김천고등학교","04","사립","N","","247","0","247","96.5","1","0","1","0.4","0","0","0","0.0","8","0","8","3.1","256","0","256"
"경상북도교육청","경상북도교육청","경상북도 김천시","S150000778","김천생명과학고등학교","04","공립","N","","78","29","107","96.4","3","0","3","2.7","0","1","1","0.9","0","0","0","0.0","81","30","111"
"경상북도교육청","경상북도교육청","경상북도 김천시","S150000781","김천여자고등학교","04","공립","N","","0","129","129","100.0","0","0","0","0.0","0","0","0","0.0","0","0","0","0.0","0","129","129"
"경상북도교육청","경상북도교육청","경상북도 김천시","S150000782","김천예술고등학교","04","사립","N","","18","62","80","98.8","0","0","0","0.0","0","1","1","1.2","0","0","0","0.0","18","63","81"
"경상북도교육청","경상북도교육청","경상북도 김천시","S150000783","김천중앙고등학교","04","공립","N","","138","41","179","100.0","0","0","0","0.0","0","0","0","0.0","0","0","0","0.0","138","41","179"
"경상북도교육청","경상북도교육청","경상북도 고령군","S150000790","대가야고등학교","04","사립","N","","55","41","96","100.0","0","0","0","0.0","0","0","0","0.0","0","0","0","0.0","55","41","96"
"경상북도교육청","경상북도교육청","경상북도 경산시","S150000791","대구가톨릭대학교사범대학부속무학고등학교","04","사립","N","","212","0","212","100.0","0","0","0","0.0","0","0","0","0.0","0","0","0","0.0","212","0","212"
"경상북도교육청","경상북도교육청","경상북도 포항시 북구","S150000793","대동고등학교","04","사립","N","","193","0","193","100.0","0","0","0","0.0","0","0","0","0.0","0","0","0","0.0","193","0","193"
"경상북도교육청","경상북도교육청","경상북도 영주시","S150000794","대영고등학교","04","사립","N","","88","0","88","100.0","0","0","0","0.0","0","0","0","0.0","0","0","0","0.0","88","0","88"
"경상북도교육청","경상북도교육청","경상북도 예천군","S150000797","대창고등학교","04","사립","N","","87","0","87","97.8","1","0","1","1.1","0","0","0","0.0","1","0","1","1.1","89","0","89"
"경상북도교육청","경상북도교육청","경상북도 구미시","S150000798","도개고등학교","04","사립","N","","59","60","119","96.0","1","2","3","2.4","0","2","2","1.6","0","0","0","0.0","60","64","124"
"경상북도교육청","경상북도교육청","경상북도 칠곡군","S150000802","동명고등학교","04","공립","N","","12","7","19","100.0","0","0","0","0.0","0","0","0","0.0","0","0","0","0.0","12","7","19"
"경상북도교육청","경상북도교육청","경상북도 영주시","S150000804","한국미래산업고등학교","04","사립","N","","15","88","103","99.0","1","0","1","1.0","0","0","0","0.0","0","0","0","0.0","16","88","104"
"경상북도교육청","경상북도교육청","경상북도 포항시 북구","S150000805","동지고등학교","04","사립","N","","185","0","185","99.5","1","0","1","0.5","0","0","0","0.0","0","0","0","0.0","186","0","186"
"경상북도교육청","경상북도교육청","경상북도 포항시 북구","S150000806","동지여자고등학교","04","사립","N","","0","188","188","99.5","0","1","1","0.5","0","0","0","0.0","0","0","0","0.0","0","189","189"
"경상북도교육청","경상북도교육청","경상북도 성주군","S150000810","명인고등학교","04","사립","N","","26","41","67","98.5","0","0","0","0.0","0","1","1","1.5","0","0","0","0.0","26","42","68"
"경상북도교육청","경상북도교육청","경상북도 청도군","S150000811","모계고등학교","04","사립","N","","61","53","114","97.4","1","2","3","2.6","0","0","0","0.0","0","0","0","0.0","62","55","117"
"경상북도교육청","경상북도교육청","경상북도 경주시","S150000812","무산고등학교","04","사립","N","","9","9","18","100.0","0","0","0","0.0","0","0","0","0.0","0","0","0","0.0","9","9","18"
"경상북도교육청","경상북도교육청","경상북도 문경시","S150000815","문경공업고등학교","04","공립","N","","43","3","46","95.8","1","0","1","2.1","1","0","1","2.1","0","0","0","0.0","45","3","48"
"경상북도교육청","경상북도교육청","경상북도 문경시","S150000816","문경여자고등학교","04","사립","N","","0","96","96","98.0","0","1","1","1.0","0","1","1","1.0","0","0","0","0.0","0","98","98"
"경상북도교육청","경상북도교육청","경상북도 경산시","S150000818","문명고등학교","04","사립","N","","155","0","155","100.0","0","0","0","0.0","0","0","0","0.0","0","0","0","0.0","155","0","155"
"경상북도교육청","경상북도교육청","경상북도 문경시","S150000819","문창고등학교","04","사립","N","","120","0","120","98.4","1","0","1","0.8","1","0","1","0.8","0","0","0","0.0","122","0","122"
"경상북도교육청","경상북도교육청","경상북도 경주시","S150000820","문화고등학교","04","사립","N","","187","0","187","96.4","4","0","4","2.1","3","0","3","1.5","0","0","0","0.0","194","0","194"
"경상북도교육청","경상북도교육청","경상북도 의성군","S150000822","경북소프트웨어마이스터고등학교","04","공립","N","","55","9","64","100.0","0","0","0","0.0","0","0","0","0.0","0","0","0","0.0","55","9","64"
"경상북도교육청","경상북도교육청","경상북도 봉화군","S150000823","봉화고등학교","04","공립","N","","52","34","86","100.0","0","0","0","0.0","0","0","0","0.0","0","0","0","0.0","52","34","86"
"경상북도교육청","경상북도교육청","경상북도 경주시","S150000838","삼성생활예술고등학교","04","사립","N","","12","54","66","98.5","1","0","1","1.5","0","0","0","0.0","0","0","0","0.0","13","54","67"
"경상북도교육청","경상북도교육청","경상북도 상주시","S150000840","상산전자고등학교","04","공립","N","","33","5","38","86.4","5","1","6","13.6","0","0","0","0.0","0","0","0","0.0","38","6","44"
"경상북도교육청","경상북도교육청","경상북도 상주시","S150000841","상주고등학교","04","사립","N","","132","0","132","98.5","0","0","0","0.0","0","0","0","0.0","2","0","2","1.5","134","0","134"
"경상북도교육청","경상북도교육청","경상북도 상주시","S150000842","상주공업고등학교","04","사립","N","","176","0","176","100.0","0","0","0","0.0","0","0","0","0.0","0","0","0","0.0","176","0","176"
"경상북도교육청","경상북도교육청","경상북도 상주시","S150000843","상주여자고등학교","04","공립","N","","0","102","102","99.0","0","1","1","1.0","0","0","0","0.0","0","0","0","0.0","0","103","103"
"경상북도교육청","경상북도교육청","경상북도 상주시","S150000844","우석여자고등학교","04","사립","N","","0","130","130","100.0","0","0","0","0.0","0","0","0","0.0","0","0","0","0.0","0","130","130"
"경상북도교육청","경상북도교육청","경상북도 상주시","S150000846","상지미래경영고등학교","04","사립","N","","19","49","68","89.5","4","4","8","10.5","0","0","0","0.0","0","0","0","0.0","23","53","76"
"경상북도교육청","경상북도교육청","경상북도 경주시","S150000847","선덕여자고등학교","04","사립","N","","0","183","183","98.9","0","0","0","0.0","0","1","1","0.5","0","1","1","0.5","0","185","185"
"경상북도교육청","경상북도교육청","경상북도 구미시","S150000850","선산고등학교","04","공립","N","","36","43","79","95.2","1","3","4","4.8","0","0","0","0.0","0","0","0","0.0","37","46","83"
"경상북도교육청","경상북도교육청","경상북도 영주시","S150000852","한국국제조리고등학교","04","사립","N","","32","57","89","100.0","0","0","0","0.0","0","0","0","0.0","0","0","0","0.0","32","57","89"
"경상북도교육청","경상북도교육청","경상북도 영천시","S150000853","동국대학교사범대학부속선화여자고등학교","04","사립","N","","0","57","57","91.9","0","2","2","3.2","0","2","2","3.2","0","1","1","1.6","0","62","62"
"경상북도교육청","경상북도교육청","경상북도 김천시","S150000855","성의고등학교","04","사립","N","","113","0","113","100.0","0","0","0","0.0","0","0","0","0.0","0","0","0","0.0","113","0","113"
"경상북도교육청","경상북도교육청","경상북도 김천시","S150000856","성의여자고등학교","04","사립","N","","0","77","77","100.0","0","0","0","0.0","0","0","0","0.0","0","0","0","0.0","0","77","77"
"경상북도교육청","경상북도교육청","경상북도 성주군","S150000864","성주고등학교","04","공립","N","","84","0","84","94.4","0","0","0","0.0","0","0","0","0.0","5","0","5","5.6","89","0","89"
"경상북도교육청","경상북도교육청","경상북도 안동시","S150000865","성창여자고등학교","04","사립","N","","0","14","14","53.8","0","12","12","46.2","0","0","0","0.0","0","0","0","0.0","0","26","26"
"경상북도교육청","경상북도교육청","경상북도 안동시","S150000866","성희여자고등학교","04","사립","N","","0","101","101","100.0","0","0","0","0.0","0","0","0","0.0","0","0","0","0.0","0","101","101"
"경상북도교육청","경상북도교육청","경상북도 포항시 남구","S150000867","세명고등학교","04","사립","N","","90","104","194","99.5","0","0","0","0.0","0","1","1","0.5","0","0","0","0.0","90","105","195"
"경상북도교육청","경상북도교육청","경상북도 포항시 북구","S150000868","세화고등학교","04","사립","N","","36","41","77","93.9","2","1","3","3.7","0","2","2","2.4","0","0","0","0.0","38","44","82"
"경상북도교육청","경상북도교육청","경상북도 영양군","S150000870","수비고등학교","04","공립","N","","2","2","4","100.0","0","0","0","0.0","0","0","0","0.0","0","0","0","0.0","2","2","4"
"경상북도교육청","경상북도교육청","경상북도 칠곡군","S150000874","순심고등학교","04","사립","N","","197","0","197","99.0","0","0","0","0.0","2","0","2","1.0","0","0","0","0.0","199","0","199"
"경상북도교육청","경상북도교육청","경상북도 칠곡군","S150000875","순심여자고등학교","04","사립","N","","0","146","146","98.6","0","1","1","0.7","0","1","1","0.7","0","0","0","0.0","0","148","148"
"경상북도교육청","경상북도교육청","경상북도 경주시","S150000879","신라고등학교","04","사립","N","","59","0","59","98.3","1","0","1","1.7","0","0","0","0.0","0","0","0","0.0","60","0","60"
"경상북도교육청","경상북도교육청","경상북도 경주시","S150000880","신라공업고등학교","04","사립","N","","183","0","183","92.0","2","0","2","1.0","0","0","0","0.0","14","0","14","7.0","199","0","199"
"경상북도교육청","경상북도교육청","경상북도 김천시","S150000882","경북과학기술고등학교","04","공립","N","","100","8","108","98.2","0","1","1","0.9","0","0","0","0.0","1","0","1","0.9","101","9","110"
"경상북도교육청","경상북도교육청","경상북도 경주시","S150000885","경주예일고등학교","04","사립","N","","50","61","111","100.0","0","0","0","0.0","0","0","0","0.0","0","0","0","0.0","50","61","111"
"경상북도교육청","경상북도교육청","경상북도 경주시","S150000886","안강전자고등학교","04","공립","N","","28","8","36","100.0","0","0","0","0.0","0","0","0","0.0","0","0","0","0.0","28","8","36"
"경상북도교육청","경상북도교육청","경상북도 안동시","S150000891","안동고등학교","04","공립","N","","131","0","131","100.0","0","0","0","0.0","0","0","0","0.0","0","0","0","0.0","131","0","131"
"경상북도교육청","경상북도교육청","경상북도 안동시","S150000893","경북하이텍고등학교","04","사립","N","","103","26","129","98.5","0","2","2","1.5","0","0","0","0.0","0","0","0","0.0","103","28","131"
"경상북도교육청","경상북도교육청","경상북도 안동시","S150000895","한국생명과학고등학교","04","공립","N","","78","52","130","97.7","1","0","1","0.8","0","2","2","1.5","0","0","0","0.0","79","54","133"
"경상북도교육청","경상북도교육청","경상북도 안동시","S150000896","안동여자고등학교","04","공립","N","","0","122","122","100.0","0","0","0","0.0","0","0","0","0.0","0","0","0","0.0","0","122","122"
"경상북도교육청","경상북도교육청","경상북도 안동시","S150000897","안동중앙고등학교","04","사립","N","","133","0","133","100.0","0","0","0","0.0","0","0","0","0.0","0","0","0","0.0","133","0","133"
"경상북도교육청","경상북도교육청","경상북도 칠곡군","S150000898","약목고등학교","04","공립","N","","42","37","79","96.3","0","0","0","0.0","2","0","2","2.4","1","0","1","1.2","45","37","82"
"경상북도교육청","경상북도교육청","경상북도 영주시","S150000901","영광고등학교","04","사립","N","","135","0","135","100.0","0","0","0","0.0","0","0","0","0.0","0","0","0","0.0","135","0","135"
"경상북도교육청","경상북도교육청","경상북도 영주시","S150000902","영광여자고등학교","04","사립","N","","0","156","156","100.0","0","0","0","0.0","0","0","0","0.0","0","0","0","0.0","0","156","156"
"경상북도교육청","경상북도교육청","경상북도 경산시","S150000903","영남삼육고등학교","04","사립","N","","27","21","48","94.1","0","0","0","0.0","0","3","3","5.9","0","0","0","0.0","27","24","51"
"경상북도교육청","경상북도교육청","경상북도 영덕군","S150000904","영덕여자고등학교","04","사립","N","","0","38","38","97.4","0","0","0","0.0","0","1","1","2.6","0","0","0","0.0","0","39","39"
"경상북도교육청","경상북도교육청","경상북도 영덕군","S150000905","영덕고등학교","04","공립","N","","55","0","55","100.0","0","0","0","0.0","0","0","0","0.0","0","0","0","0.0","55","0","55"
"경상북도교육청","경상북도교육청","경상북도 영천시","S150000906","영동고등학교","04","사립","N","","132","0","132","100.0","0","0","0","0.0","0","0","0","0.0","0","0","0","0.0","132","0","132"
"경상북도교육청","경상북도교육청","경상북도 안동시","S150000907","예일메디텍고등학교","04","사립","N","","36","38","74","97.4","2","0","2","2.6","0","0","0","0.0","0","0","0","0.0","38","38","76"
"경상북도교육청","경상북도교육청","경상북도 영양군","S150000908","영양고등학교","04","공립","N","","31","0","31","100.0","0","0","0","0.0","0","0","0","0.0","0","0","0","0.0","31","0","31"
"경상북도교육청","경상북도교육청","경상북도 영양군","S150000909","영양여자고등학교","04","사립","N","","0","35","35","100.0","0","0","0","0.0","0","0","0","0.0","0","0","0","0.0","0","35","35"
"경상북도교육청","경상북도교육청","경상북도 포항시 남구","S150000910","영일고등학교","04","사립","N","","80","100","180","100.0","0","0","0","0.0","0","0","0","0.0","0","0","0","0.0","80","100","180"
"경상북도교육청","경상북도교육청","경상북도 영주시","S150000912","한국철도고등학교","04","사립","N","","66","14","80","90.9","0","0","0","0.0","0","0","0","0.0","5","3","8","9.1","71","17","88"
"경상북도교육청","경상북도교육청","경상북도 영주시","S150000914","경북항공고등학교","04","사립","N","","104","0","104","100.0","0","0","0","0.0","0","0","0","0.0","0","0","0","0.0","104","0","104"
"경상북도교육청","경상북도교육청","경상북도 영주시","S150000916","영주여자고등학교","04","공립","N","","0","124","124","99.2","0","0","0","0.0","0","1","1","0.8","0","0","0","0.0","0","125","125"
"경상북도교육청","경상북도교육청","경상북도 영주시","S150000917","영주제일고등학교","04","공립","N","","115","0","115","99.1","1","0","1","0.9","0","0","0","0.0","0","0","0","0.0","116","0","116"
"경상북도교육청","경상북도교육청","경상북도 영천시","S150000919","영천고등학교","04","공립","N","","85","0","85","100.0","0","0","0","0.0","0","0","0","0.0","0","0","0","0.0","85","0","85"
"경상북도교육청","경상북도교육청","경상북도 영천시","S150000920","영천전자고등학교","04","사립","N","","55","2","57","96.6","1","1","2","3.4","0","0","0","0.0","0","0","0","0.0","56","3","59"
"경상북도교육청","경상북도교육청","경상북도 영천시","S150000921","영천여자고등학교","04","공립","N","","0","97","97","98.0","0","0","0","0.0","0","2","2","2.0","0","0","0","0.0","0","99","99"
"경상북도교육청","경상북도교육청","경상북도 영천시","S150000923","영천성남여자고등학교","04","사립","N","","0","89","89","100.0","0","0","0","0.0","0","0","0","0.0","0","0","0","0.0","0","89","89"
"경상북도교육청","경상북도교육청","경상북도 영덕군","S150000924","영해고등학교","04","공립","N","","19","20","39","100.0","0","0","0","0.0","0","0","0","0.0","0","0","0","0.0","19","20","39"
"경상북도교육청","경상북도교육청","경상북도 예천군","S150000929","예천여자고등학교","04","공립","N","","0","93","93","97.9","0","1","1","1.1","0","1","1","1.1","0","0","0","0.0","0","95","95"
"경상북도교육청","경상북도교육청","경상북도 구미시","S150000931","오상고등학교","04","사립","N","","134","128","262","99.6","0","1","1","0.4","0","0","0","0.0","0","0","0","0.0","134","129","263"
"경상북도교육청","경상북도교육청","경상북도 포항시 남구","S150000934","오천고등학교","04","사립","N","","97","112","209","100.0","0","0","0","0.0","0","0","0","0.0","0","0","0","0.0","97","112","209"
"경상북도교육청","경상북도교육청","경상북도 상주시","S150000936","경북자연과학고등학교","04","사립","N","","47","45","92","97.9","0","2","2","2.1","0","0","0","0.0","0","0","0","0.0","47","47","94"
"경상북도교육청","경상북도교육청","경상북도 울릉군","S150000937","울릉고등학교","04","공립","N","","9","15","24","100.0","0","0","0","0.0","0","0","0","0.0","0","0","0","0.0","9","15","24"
"경상북도교육청","경상북도교육청","경상북도 울진군","S150000938","울진고등학교","04","공립","N","","79","60","139","100.0","0","0","0","0.0","0","0","0","0.0","0","0","0","0.0","79","60","139"
"경상북도교육청","경상북도교육청","경상북도 포항시 북구","S150000941","유성여자고등학교","04","사립","N","","0","188","188","99.5","0","1","1","0.5","0","0","0","0.0","0","0","0","0.0","0","189","189"
"경상북도교육청","경상북도교육청","경상북도 의성군","S150000944","의성고등학교","04","사립","N","","54","0","54","100.0","0","0","0","0.0","0","0","0","0.0","0","0","0","0.0","54","0","54"
"경상북도교육청","경상북도교육청","경상북도 의성군","S150000945","의성유니텍고등학교","04","공립","N","","27","13","40","85.1","0","0","0","0.0","0","0","0","0.0","4","3","7","14.9","31","16","47"
"경상북도교육청","경상북도교육청","경상북도 의성군","S150000946","의성여자고등학교","04","공립","N","","0","42","42","100.0","0","0","0","0.0","0","0","0","0.0","0","0","0","0.0","0","42","42"
"경상북도교육청","경상북도교육청","경상북도 청도군","S150000949","이서고등학교","04","사립","N","","47","89","136","97.8","0","2","2","1.4","1","0","1","0.7","0","0","0","0.0","48","91","139"
"경상북도교육청","경상북도교육청","경상북도 문경시","S150000954","점촌고등학교","04","공립","N","","53","48","101","100.0","0","0","0","0.0","0","0","0","0.0","0","0","0","0.0","53","48","101"
"경상북도교육청","경상북도교육청","경상북도 울진군","S150000955","죽변고등학교","04","공립","N","","32","37","69","98.6","1","0","1","1.4","0","0","0","0.0","0","0","0","0.0","33","37","70"
"경상북도교육청","경상북도교육청","경상북도 포항시 북구","S150000956","포항보건고등학교","04","사립","N","","9","25","34","94.4","0","2","2","5.6","0","0","0","0.0","0","0","0","0.0","9","27","36"
"경상북도교육청","경상북도교육청","경상북도 상주시","S150000957","한국미래농업고등학교","04","공립","N","","41","10","51","96.2","0","1","1","1.9","0","1","1","1.9","0","0","0","0.0","41","12","53"
"경상북도교육청","경상북도교육청","경상북도 경산시","S150000961","진량고등학교","04","사립","N","","80","113","193","100.0","0","0","0","0.0","0","0","0","0.0","0","0","0","0.0","80","113","193"
"경상북도교육청","경상북도교육청","경상북도 청송군","S150000962","진보고등학교","04","공립","N","","3","17","20","100.0","0","0","0","0.0","0","0","0","0.0","0","0","0","0.0","3","17","20"
"경상북도교육청","경상북도교육청","경상북도 청도군","S150000964","청도고등학교","04","사립","N","","44","53","97","100.0","0","0","0","0.0","0","0","0","0.0","0","0","0","0.0","44","53","97"
"경상북도교육청","경상북도교육청","경상북도 청도군","S150000965","경북드론고등학교","04","공립","N","","62","2","64","98.5","0","0","0","0.0","1","0","1","1.5","0","0","0","0.0","63","2","65"
"경상북도교육청","경상북도교육청","경상북도 청송군","S150000967","청송고등학교","04","공립","N","","11","0","11","91.7","0","0","0","0.0","0","0","0","0.0","1","0","1","8.3","12","0","12"
"경상북도교육청","경상북도교육청","경상북도 청송군","S150000968","경북골프경영고등학교","04","사립","N","","0","6","6","50.0","0","6","6","50.0","0","0","0","0.0","0","0","0","0.0","0","12","12"
"경상북도교육청","경상북도교육청","경상북도 청송군","S150000969","청송여자종합고등학교","04","사립","N","","0","23","23","100.0","0","0","0","0.0","0","0","0","0.0","0","0","0","0.0","0","23","23"
"경상북도교육청","경상북도교육청","경상북도 봉화군","S150000972","한국산림과학고등학교","04","공립","N","","28","15","43","97.7","0","0","0","0.0","0","1","1","2.3","0","0","0","0.0","28","16","44"
"경상북도교육청","경상북도교육청","경상북도 칠곡군","S150000974","경북기계명장고등학교","04","공립","N","","46","0","46","100.0","0","0","0","0.0","0","0","0","0.0","0","0","0","0.0","46","0","46"
"경상북도교육청","경상북도교육청","경상북도 경주시","S150000977","효청보건고등학교","04","사립","N","","30","56","86","97.7","2","0","2","2.3","0","0","0","0.0","0","0","0","0.0","32","56","88"
"경상북도교육청","경상북도교육청","경상북도 울진군","S150000978","한국원자력마이스터고등학교","04","공립","N","","66","0","66","100.0","0","0","0","0.0","0","0","0","0.0","0","0","0","0.0","66","0","66"
"경상북도교육청","경상북도교육청","경상북도 울진군","S150000980","경북관광비즈니스고등학교","04","공립","N","","14","5","19","95.0","0","0","0","0.0","0","0","0","0.0","1","0","1","5.0","15","5","20"
"경상북도교육청","경상북도교육청","경상북도 포항시 북구","S150000982","포항고등학교","04","공립","N","","195","0","195","100.0","0","0","0","0.0","0","0","0","0.0","0","0","0","0.0","195","0","195"
"경상북도교육청","경상북도교육청","경상북도 포항시 북구","S150000986","포항여자고등학교","04","공립","N","","0","192","192","99.0","0","0","0","0.0","0","2","2","1.0","0","0","0","0.0","0","194","194"
"경상북도교육청","경상북도교육청","경상북도 포항시 북구","S150000988","포항여자전자고등학교","04","공립","N","","0","134","134","100.0","0","0","0","0.0","0","0","0","0.0","0","0","0","0.0","0","134","134"
"경상북도교육청","경상북도교육청","경상북도 포항시 북구","S150000989","포항영신고등학교","04","사립","N","","146","0","146","100.0","0","0","0","0.0","0","0","0","0.0","0","0","0","0.0","146","0","146"
"경상북도교육청","경상북도교육청","경상북도 포항시 북구","S150000990","포항예술고등학교","04","사립","N","","13","80","93","100.0","0","0","0","0.0","0","0","0","0.0","0","0","0","0.0","13","80","93"
"경상북도교육청","경상북도교육청","경상북도 포항시 남구","S150000991","포항동성고등학교","04","사립","N","","77","101","178","99.4","1","0","1","0.6","0","0","0","0.0","0","0","0","0.0","78","101","179"
"경상북도교육청","경상북도교육청","경상북도 포항시 남구","S150000992","포항제철고등학교","04","사립","N","","157","144","301","100.0","0","0","0","0.0","0","0","0","0.0","0","0","0","0.0","157","144","301"
"경상북도교육청","경상북도교육청","경상북도 포항시 남구","S150000993","포항제철공업고등학교","04","사립","N","","144","0","144","95.4","0","0","0","0.0","0","0","0","0.0","7","0","7","4.6","151","0","151"
"경상북도교육청","경상북도교육청","경상북도 포항시 북구","S150000994","포항중앙고등학교","04","사립","N","","188","0","188","99.5","0","0","0","0.0","1","0","1","0.5","0","0","0","0.0","189","0","189"
"경상북도교육청","경상북도교육청","경상북도 포항시 북구","S150000995","포항중앙여자고등학교","04","사립","N","","0","187","187","98.9","0","0","0","0.0","0","2","2","1.1","0","0","0","0.0","0","189","189"
"경상북도교육청","경상북도교육청","경상북도 안동시","S150000999","풍산고등학교","04","사립","N","","34","69","103","100.0","0","0","0","0.0","0","0","0","0.0","0","0","0","0.0","34","69","103"
"경상북도교육청","경상북도교육청","경상북도 경산시","S150001001","하양여자고등학교","04","사립","N","","0","161","161","99.4","0","1","1","0.6","0","0","0","0.0","0","0","0","0.0","0","162","162"
"경상북도교육청","경상북도교육청","경상북도 김천시","S150001003","한일여자고등학교","04","사립","N","","0","106","106","99.1","0","0","0","0.0","0","1","1","0.9","0","0","0","0.0","0","107","107"
"경상북도교육청","경상북도교육청","경상북도 상주시","S150001004","함창고등학교","04","사립","N","","48","37","85","95.5","1","0","1","1.1","2","1","3","3.4","0","0","0","0.0","51","38","89"
"경상북도교육청","경상북도교육청","경상북도 청송군","S150001007","현서고등학교","04","공립","N","","10","7","17","100.0","0","0","0","0.0","0","0","0","0.0","0","0","0","0.0","10","7","17"
"경상북도교육청","경상북도교육청","경상북도 구미시","S150001008","현일고등학교","04","사립","N","","85","131","216","100.0","0","0","0","0.0","0","0","0","0.0","0","0","0","0.0","85","131","216"
"경상북도교육청","경상북도교육청","경상북도 상주시","S150001012","화령고등학교","04","공립","N","","12","10","22","100.0","0","0","0","0.0","0","0","0","0.0","0","0","0","0.0","12","10","22"
"경상북도교육청","경상북도교육청","경상북도 울진군","S150001016","후포고등학교","04","공립","N","","36","23","59","100.0","0","0","0","0.0","0","0","0","0.0","0","0","0","0.0","36","23","59"
"경상북도교육청","경상북도교육청","경상북도 포항시 북구","S150001018","포항흥해공업고등학교","04","공립","N","","135","4","139","99.3","0","0","0","0.0","1","0","1","0.7","0","0","0","0.0","136","4","140"
"경상북도교육청","경상북도교육청","경상북도 영천시","S150005424","경북바이오마이스터고등학교","04","공립","N","","22","37","59","98.3","0","1","1","1.7","0","0","0","0.0","0","0","0","0.0","22","38","60"
"경상북도교육청","경상북도교육청","경상북도 포항시 북구","S150005434","한국해양마이스터고등학교","04","공립","N","","40","18","58","89.2","1","0","1","1.5","0","0","0","0.0","6","0","6","9.2","47","18","65"
"경상북도교육청","경상북도교육청","경상북도 의성군","S150005678","안계고등학교","04","공립","N","","6","11","17","100.0","0","0","0","0.0","0","0","0","0.0","0","0","0","0.0","6","11","17"
"경상북도교육청","경상북도교육청","경상북도 문경시","S150005950","경북조리과학고등학교","04","공립","N","","27","40","67","98.5","0","0","0","0.0","1","0","1","1.5","0","0","0","0.0","28","40","68"
"경상북도교육청","경상북도교육청","경상북도 성주군","S150005954","성주여자고등학교","04","사립","N","","0","90","90","100.0","0","0","0","0.0","0","0","0","0.0","0","0","0","0.0","0","90","90"
"경상북도교육청","경상북도교육청","경상북도 구미시","S150006093","인동고등학교","04","공립","N","","117","143","260","95.9","0","0","0","0.0","0","0","0","0.0","7","4","11","4.1","124","147","271"
"경상북도교육청","경상북도교육청","경상북도 포항시 남구","S150006136","포항이동고등학교","04","공립","N","","90","103","193","98.0","1","1","2","1.0","0","2","2","1.0","0","0","0","0.0","91","106","197"
"경상북도교육청","경상북도교육청","경상북도 포항시 북구","S150006137","두호고등학교","04","공립","N","","92","103","195","98.0","2","0","2","1.0","0","2","2","1.0","0","0","0","0.0","94","105","199"
"경상북도교육청","경상북도교육청","경상북도 포항시 북구","S150006138","포항장성고등학교","04","공립","N","","92","109","201","100.0","0","0","0","0.0","0","0","0","0.0","0","0","0","0.0","92","109","201"
"경상북도교육청","경상북도교육청","경상북도 구미시","S150006139","상모고등학교","04","공립","N","","122","91","213","96.8","2","1","3","1.4","0","0","0","0.0","4","0","4","1.8","128","92","220"
"경상북도교육청","경상북도교육청","경상북도 구미시","S150006140","사곡고등학교","04","공립","N","","125","93","218","99.1","0","0","0","0.0","1","1","2","0.9","0","0","0","0.0","126","94","220"
"경상북도교육청","경상북도교육청","경상북도 구미시","S150006141","선주고등학교","04","공립","N","","96","128","224","99.6","1","0","1","0.4","0","0","0","0.0","0","0","0","0.0","97","128","225"
"경상북도교육청","경상북도교육청","경상북도 경산시","S150006281","경산과학고등학교","04","공립","N","","45","16","61","100.0","0","0","0","0.0","0","0","0","0.0","0","0","0","0.0","45","16","61"
"경상북도교육청","경상북도교육청","경상북도 구미시","S150006291","형곡고등학교","04","공립","N","","106","111","217","100.0","0","0","0","0.0","0","0","0","0.0","0","0","0","0.0","106","111","217"
"경상북도교육청","경상북도교육청","경상북도 칠곡군","S150006308","북삼고등학교","04","공립","N","","97","98","195","99.5","0","1","1","0.5","0","0","0","0.0","0","0","0","0.0","97","99","196"
"경상북도교육청","경상북도교육청","경상북도 경산시","S150006348","사동고등학교","04","공립","N","","75","187","262","97.4","1","0","1","0.4","0","0","0","0.0","5","1","6","2.2","81","188","269"
"경상북도교육청","경상북도교육청","경상북도 칠곡군","S150006416","석적고등학교","04","공립","N","","87","111","198","99.5","1","0","1","0.5","0","0","0","0.0","0","0","0","0.0","88","111","199"
"경상북도교육청","경상북도교육청","경상북도 김천시","S150006433","율곡고등학교","04","공립","N","","72","69","141","99.3","0","0","0","0.0","0","1","1","0.7","0","0","0","0.0","72","70","142"
"경상북도교육청","경상북도교육청","경상북도 구미시","S150006512","구미산동고등학교","04","공립","N","","95","118","213","100.0","0","0","0","0.0","0","0","0","0.0","0","0","0","0.0","95","118","213"