"시도교육청","교육지원청","지역","정보공시 학교코드","학교명","학교급코드","설립구분","학교특성","분교여부","설립유형","주야구분","개교기념일","설립일","법정동코드","주소내역","상세주소내역","우편번호","학교도로명 우편번호","학교도로명 주소","학교도로명 상세주소","위도","경도","전화번호","팩스번호","홈페이지 주소","남녀공학 구분","폐교여부","폐교일자","휴교여부"
"교육부","교육부","경상북도 구미시","S000003539","구미전자공업고등학교","04","국립","특수목적고등학교","N","단설","주간","19540618","19540518","4719012500","경상북도 구미시 임수동 구미전자공고","200.","730721","39387","경상북도 구미시 임수로 48","(임수동)","36.1","128.4","054-470-3810","054-473-3261","http://school.gyo6.net/gnet","남녀공학","N","","N"
"경상북도교육청","경상북도교육청","경상북도 문경시","S150000712","가은고등학교","04","공립","일반고등학교","N","병설","주간","19741107","19741107","4728025321","경북 문경시 가은읍 왕릉리","218번지.","745904","36995","경상북도 문경시 가은읍 가은로 205",", 가은고등학교 (가은읍, 가은중학교,가은고등학교)","36.6456963","128.0715117","054-572-0101","054-572-0105","https://school.gyo6.net/gago","남녀공학","N","","N"
"경상북도교육청","경상북도교육청","경상북도 성주군","S150000713","가천고등학교","04","공립","일반고등학교","N","병설","주간","19741227","19741227","4784034030","경상북도 성주군 가천면 창천리","861.","719883","719883","경상북도 성주군 가천면 창천5길 13","(가천면,가천고등학교)","35.8860893","128.1601894","054-931-7122","054-932-4245","http://gacheonhs.school.gyo6.net","남녀공학","Y","20170228","N"
"경상북도교육청","경상북도교육청","경상북도 예천군","S150000714","경북일고등학교","04","공립","일반고등학교","N","단설","주간","19760301","19760301","4790025330","경북 예천군 감천면 포리","311-2번지.","757913","36849","경상북도 예천군 호명읍 행복로 193","경북일고등학교","36.5791893629","128.4846786407","054-522-8002","054-522-8009","https://school.gyo6.net/gyeongbuk","남녀공학","N","","N"
"경상북도교육청","경상북도교육청","경상북도 경주시","S150000715","한국국제통상마이스터고등학교","04","공립","특수목적고등학교","N","병설","주간","19530623","19530623","4713025025","경상북도 경주시 감포읍 오류1리","478-2.","780832","38125","경상북도 경주시 감포읍 감포로12길 20","20,  감포중학교/한국국제통상마이스터고등학교","35.811066","129.506668","054-775-3454","054-744-3632","http://school.gyo6.net/kgbmhs/main.do","남녀공학","N","","N"
"경상북도교육청","경상북도교육청","경상북도 영덕군","S150000716","강구정보고등학교","04","공립","특성화고등학교","N","병설","주간","19671129","19671129","4777031033","경상북도 영덕군 강구면 삼사리","21번지.","766824","36460","경상북도 영덕군 강구면 신강구1길 45-5",", 강구정보고등학교 (강구면)","36.3531602","129.3798516","054-733-3944","054-734-1334","https://school.gyo6.net/ganggu-ch/","남녀공학","N","","N"
"경상북도교육청","경상북도교육청","경상북도 구미시","S150000718","경구고등학교","04","사립","일반고등학교","N","단설","주간","19840514","19840514","4719010400","경북 구미시 봉곡동","279.","730200","39209","경상북도 구미시 봉곡로9길 25",", 경구고등학교 (봉곡동)","36.1481743","128.3076337","054-442-0300","054-442-0303","https://school.gyo6.net/kghs","남","N","","N"
"경상북도교육청","경상북도교육청","경상북도 포항시 남구","S150000719","경북과학고등학교","04","공립","특수목적고등학교","N","단설","주간","19920627","19920627","4711111500","경북 포항시 남구 지곡동","산22-5.","37666","37666","경상북도 포항시 남구 지곡로 130","(지곡동, 경북과학고등학교)","36.0183","129.3265","054-240-2600","054-248-2857","https://school.gyo6.net/kbs","남녀공학","N","","N"
"경상북도교육청","경상북도교육청","경상북도 구미시","S150000720","경북생활과학고등학교","04","공립","특성화고등학교","N","병설","주간","19671005","19671005","4719034028","경상북도 구미시 해평면 월호리","488.","730873","39154","경상북도 구미시 해평면 강동로 1654",", 경북생활과학고등학교 (해평면, 경북생활과학고등학교(해평중학교))","36.1996019274","128.3922026175","054-474-2593","054-474-2594","https://school.gyo6.net/gbds","남녀공학","N","","N"
"경상북도교육청","경상북도교육청","경상북도 구미시","S150000721","경북외국어고등학교","04","공립","특수목적고등학교","N","단설","주간","19950324","19950324","4719010800","경북 구미시 남통동","110번지.","730714","39306","경상북도 구미시 금오산로 198-10",", 경북외국어고등학교 (남통동,경북외국어고등학교)","36.12364","128.32285","054-458-2013","054-458-2015","http://school.gyo6.net/gbflhs","남녀공학","N","","N"
"경상북도교육청","경상북도교육청","경상북도 봉화군","S150000722","한국펫고등학교","04","사립","특성화고등학교","N","단설","주간","19741227","19741227","4792025031","경상북도 봉화군 봉화읍 내성리","460번지.","755805","36238","경상북도 봉화군 봉화읍 내성천1길 18","(봉화읍, 한국펫고등학교)","36.8867953","128.734414","054-673-2811","054-673-2814","https://school.gyo6.net/koreapet","남녀공학","N","","N"
"경상북도교육청","경상북도교육청","경상북도 경산시","S150000723","경북체육고등학교","04","공립","특수목적고등학교","N","병설","주간","19721111","19721111","4729010400","경북 경산시 신교동","108-1.","712040","38646","경상북도 경산시 경안로 43",", 경북체육고등학교 (신교동, 경북체육중고등학교)","35.811258","128.738963","053-719-7711","053-812-6568","http://school.gyo6.net/gbche","남녀공학","N","","N"
"경상북도교육청","경상북도교육청","경상북도 경산시","S150000724","경산고등학교","04","공립","자율고등학교","N","단설","주간","19741005","19741005","4729011600","경북 경산시 계양동","112-3번지.","712120","38616","경상북도 경산시 원효로 89","(계양동, 경산고등학교)","35.82525","128.747698","053-819-8900","053-811-5436","https://school.gyo6.net/gyeongsanhs","남","N","","N"
"경상북도교육청","경상북도교육청","경상북도 경산시","S150000726","경산여자고등학교","04","사립","일반고등학교","N","단설","주간","19730412","19721226","4729010700","경상북도 경산시 옥곡동","21번지.","38684","38684","경상북도 경산시 경산로 91","경산여자고등학교","35.8","128.7","053-811-4066","053-811-4070","http://school.gyo6.net/gsgh","녀","N","","N"
"경상북도교육청","경상북도교육청","경상북도 경산시","S150000728","경산제일고등학교","04","사립","특성화고등학교","N","병설","주간","19740105","19740105","4729033021","경북 경산시 자인면 동부2리","208번지.","712854","38559","경상북도 경산시 자인면 원효로 851-16","경산여자상업고등학교","35.8159783077","128.8278517988","053-857-2351","053-857-1655","https://school.gyo6.net/gnc","녀","N","","N"
"경상북도교육청","경상북도교육청","경상북도 경산시","S150000729","경북기계금속고등학교","04","공립","특성화고등학교","N","병설","주간","19940301","19940301","4729033023","경북 경산시 자인면 북사1리","242번지.","712852","38549","경상북도 경산시 자인면","일연로 93","35.821017","128.819513","053-859-3800","053-859-3890","https://school.gyo6.net/gbgigo","남녀공학","N","","N"
"경상북도교육청","경상북도교육청","경상북도 안동시","S150000730","경안고등학교","04","사립","일반고등학교","N","단설","주간","19540220","19540220","4717012600","경북 안동시 금곡동","124번지.","760250","36690","경상북도 안동시 제비원로 182","(금곡동, 경안고등학교)","36.568514","128.719458","054-857-4703","054-841-0871","https://school.gyo6.net/ka","남","N","","N"
"경상북도교육청","경상북도교육청","경상북도 안동시","S150000732","경안여자고등학교","04","사립","일반고등학교","N","단설","주간","19641205","19641205","4717013600","경북 안동시 송현동","599-1.","760300","36623","경상북도 안동시 경동로 205-34","(송현동,경안여자고등학교)","36.576137","128.683147","054-843-3965","054-843-3966","http://school.gyo6.net/gagi","녀","N","","N"
"경상북도교육청","경상북도교육청","경상북도 안동시","S150000733","경일고등학교","04","사립","일반고등학교","N","단설","주간","19720617","19720617","4717010500","경북 안동시 신안동","51번지.","760140","36687","경상북도 안동시 치이골길 46","(신안동, 경일고등학교)","36.5756293","128.7378932","054-858-3211","054-853-7483","http://school.gyo6.net/gyeongilhs","남","N","","N"
"경상북도교육청","경상북도교육청","경상북도 경주시","S150000734","경주고등학교","04","사립","일반고등학교","N","단설","주간","19380326","19380326","4713010500","경북 경주시 황오동","13.","780956","38151","경상북도 경주시 원효로 231",", 경주고등학교 (황오동)","35.8428929","129.2266058","054-775-9670","054-775-9677","https://school.gyo6.net/gyeongjuhs","남","N","","N"
"경상북도교육청","경상북도교육청","경상북도 경주시","S150000735","경주공업고등학교","04","공립","특성화고등학교","N","단설","주간","19510925","19510925","4713010900","경상북도 경주시 사정동","70번지.","780939","38168","경상북도 경주시 금성로 209","(사정동, 경주공업고등학교)","35.8364764","129.2059954","054-778-7800","054-778-7890","https://school.gyo6.net/kjth","남녀공학","N","","N"
"경상북도교육청","경상북도교육청","경상북도 경주시","S150000736","경주디자인고등학교","04","공립","특성화고등학교","N","단설","주간","20010301","20010301","4713036029","경상북도 경주시 현곡면 가정리","49-2.","780921","38044","경상북도 경주시 현곡면 용담로 694","","35.9000578943","129.163340571","054-745-3713","054-745-3714","https://school.gyo6.net/godesign","남녀공학","N","","N"
"경상북도교육청","경상북도교육청","경상북도 경주시","S150000738","경주여자고등학교","04","공립","일반고등학교","N","단설","주간","19450223","19450223","4713010800","경상북도 경주시 성건동","620-118.","780180","38131","경상북도 경주시 금성로 437","(성건동,경주여자고등학교)","35.8577662","129.2056448","054-743-3841","054-772-7058","https://school.gyo6.net/gokok-hs","녀","N","","N"
"경상북도교육청","경상북도교육청","경상북도 경주시","S150000740","경주여자정보고등학교","04","사립","특성화고등학교","N","단설","주간","19741227","19741227","4713013000","경북 경주시 시래동","729번지.","780460","38200","경상북도 경주시 시동로 90","(시래동, 경주여자정보고등학교)","35.7734031","129.2909518","0547460081","054-746-1303","https://school.gyo6.net/newschool","녀","N","","N"
"경상북도교육청","경상북도교육청","경상북도 경주시","S150000741","경주정보고등학교","04","사립","특성화고등학교","N","단설","주간","19530410","19530410","4713011400","경북 경주시 충효동","549-6.","780250","38057","경상북도 경주시 충효7길 19","(충효동, 경주정보고등학교/월성중학교)","35.8418254","129.1762605","054-742-8965","054-771-3888","https://school.gyo6.net/interneths","남","N","","N"
"경상북도교육청","경상북도교육청","경상북도 경주시","S150000743","경주화랑고등학교","04","사립","특성화고등학교","N","단설","주간","19980324","19980204","4713031534","경북 경주시 양북면 장항리","333번지.","780894","38120","경상북도 경주시 양북면 장항재동길 41","(양북면,경주화랑고등학교)","35.7942855","129.3875921","054-771-2355","054-771-2356","https://school.gyo6.net/hwarang","남녀공학","N","","N"
"경상북도교육청","경상북도교육청","경상북도 경주시","S150000746","계림고등학교","04","공립","일반고등학교","N","단설","주간","19841229","19841229","4713012400","경상북도 경주시 황성동","897-1.","780955","38082","경상북도 경주시 용담로 122","(황성동)","35.866118","129.208413","054-742-3398","054-743-8650","https://school.gyo6.net/gyerim","남","N","","N"
"경상북도교육청","경상북도교육청","경상북도 고령군","S150000748","한국조리명장고등학교","04","공립","특성화고등학교","N","단설","주간","19540518","19540518","4783025300","경상북도 고령군 고령읍 연조리","4번지.","717804","40136","경상북도 고령군 대가야읍 우륵로 63","한국조리명장고등학교","35.7356519","128.2701005","054-956-3042","054-956-3046","http://school.gyo6.net/goryeong","남녀공학","N","","N"
"경상북도교육청","경상북도교육청","","S150000749","고령여자종합고등학교","04","공립","","N","","주간","","","4783025026","경북 고령군 고령읍 지산리","337번지.","717801","","","","","","0118219728","054-954-1375","http://www.gogirls.hs.kr","","Y","20100301","N"
"경상북도교육청","경상북도교육청","경상북도 포항시 남구","S150000751","구룡포여자종합고등학교","04","공립","특수목적고등학교","N","병설","주간","19830110","19830110","4711125028","경북 포항시 남구 구룡포읍 병포리","139-1번지.","790804","","","","","","054-276-5046","054-284-2379","http://gugch.hs.kr","녀","Y","20120301","N"
"경상북도교육청","경상북도교육청","경상북도 포항시 남구","S150000752","포항과학기술고등학교","04","공립","특성화고등학교","N","병설","주간","19510830","19510830","4711125028","경상북도 포항시 남구 구룡포읍 병포3리","139-1.","790803","37931","경상북도 포항시 남구 구룡포읍 호미로 341","(구룡포읍, 포항과학기술고등학교)","35.9917733494","129.5659092933","054-276-5046","054-284-2379","https://school.gyo6.net/psths","남녀공학","N","","N"
"경상북도교육청","경상북도교육청","경상북도 구미시","S150000753","구미고등학교","04","공립","일반고등학교","N","단설","주간","19791121","19791121","4719010300","경상북도 구미시 도량동","600.","39198","39198","경상북도 구미시 문장로 42","(도량동, 구미고등학교)","36.1373652","128.333403","054-452-9115","054-604-2111","http://school.gyo6.net/gumigo","남","N","","N"
"경상북도교육청","경상북도교육청","경상북도 구미시","S150000756","구미여자고등학교","04","공립","일반고등학교","N","단설","주간","19800826","19800826","4719010300","경상북도 구미시 도량동 501~791","682번지.","730909","39198","경상북도 구미시 문장로 114","(도량동)","36.145073","128.33209","054-452-0052","054-452-8340","https://school.gyo6.net/gumigirlhs","녀","N","","N"
"경상북도교육청","경상북도교육청","경상북도 구미시","S150000758","구미정보고등학교","04","공립","특성화고등학교","N","단설","주간","19691202","19691202","4719012100","",".","","39427","경상북도 구미시 검성로 143","(황상동, 구미정보고등학교)","36.1183404","128.4339375","054-475-3600","054-475-3614","https://school.gyo6.net/gumi-infohs","남녀공학","N","","N"
"경상북도교육청","경상북도교육청","경상북도 구미시","S150000759","구미여자상업고등학교","04","공립","특성화고등학교","N","단설","주야간","19691202","19691202","4719010900","경북 구미시 형곡동","198.","730930","39316","경상북도 구미시 형곡로38길 9-14","(형곡동, 구미여자상업고등학교)","36.1068869","128.3412192","054-452-2757","054-451-3216","http://school.gyo6.net/gys","녀","N","","N"
"경상북도교육청","경상북도교육청","경상북도 경주시","S150000764","근화여자고등학교","04","사립","일반고등학교","N","단설","주간","19490228","19490228","4713012500","경상북도 경주시 용강동","870.","780140","38093","경상북도 경주시 승삼2길 55","(용강동, 근화여자고등학교/근화여자중학교)","35.873948","129.227026","054-742-2393","054-741-1369","https://school.gyo6.net/geunhwahs","녀","N","","N"
"경상북도교육청","경상북도교육청","경상북도 의성군","S150000765","금성고등학교","04","공립","일반고등학교","N","병설","주간","19730301","19730301","4773037036","경상북도 의성군 금성면 탑리리","582번지.","769853","37353","경상북도 의성군 금성면 금성현서로 41-66","(금성면,금성중고등학교)","36.2545039888","128.6894102573","054-834-0183","054-834-0320","http://school.gyo6.net/kbgsms","남녀공학","N","","N"
"경상북도교육청","경상북도교육청","경상북도 의성군","S150000767","금성여자상업고등학교","04","공립","특성화고등학교","N","단설","주간","19901008","19901008","4773037036","경상북도 의성군 금성면 탑리리","960.","769854","37353","경상북도 의성군 금성면 탑운길 99","(금성면)","36.2612087","128.6863572","054-833-6981","054-834-6984","http://keumsunghs.school.gyo6.net","녀","Y","20190301","N"
"경상북도교육청","경상북도교육청","경상북도 구미시","S150000768","금오고등학교","04","공립","일반고등학교","N","단설","주간","20010301","20010301","4719011400","경상북도 구미시 광평동","299-3번지.","730080","39323","경상북도 구미시 박정희로25길 15",", (금오고등학교) (광평동)","36.1078954","128.3552803","054-456-4365","054-457-6596","http://school.gyo6.net/geumohs","남녀공학","N","","N"
"경상북도교육청","경상북도교육청","경상북도 구미시","S150000769","금오공업고등학교","04","공립","특수목적고등학교","N","단설","주간","19721115","19721115","4719011300","경상북도 구미시 공단1동","111번지.","730901","39248","경상북도 구미시 구미대로30길 59",", 금오공업고등학교 (공단동, 금오공고)","36.1183364","128.3677789","054-461-1681","054-461-1688","https://school.gyo6.net/koths","남","N","","N"
"경상북도교육청","경상북도교육청","경상북도 구미시","S150000770","구미제일고등학교","04","사립","일반고등학교","N","단설","주간","19850319","19841217","4719010200","경북 구미시 지산동","산15-1번지.","730160","39129","경상북도 구미시 선산대로 129","(지산동, 구미제일고)","36.1430571","128.3454625","054-452-8424","054-452-8423","https://school.gyo6.net/gmjeil","녀","N","","N"
"경상북도교육청","경상북도교육청","경상북도 청도군","S150000771","금천고등학교","04","공립","일반고등학교","N","병설","주간","19730305","19721228","4782036031","경북 청도군 금천면 동곡1리","1000-1.","714872","38362","경상북도 청도군 금천면 선암로 574-11","(금천면, 금천중고등학교)","35.6881524873","128.8949955146","054-370-3510","054-373-6314","https://school.gyo6.net/geumcheonhs","남녀공학","N","","N"
"경상북도교육청","경상북도교육청","경상북도 영천시","S150000773","경북휴먼테크고등학교","04","사립","특성화고등학교","N","병설","주간","19930301","19930301","4723025021","경상북도 영천시 금호읍 교대리","172-1.","770802","38877","경상북도 영천시 금호읍 교대길 8-18","(금호읍, 경북휴먼테크고등학교)","35.9323783","128.873695","054-333-3611","054-333-6421","https://school.gyo6.net/khumantech","남녀공학","N","","N"
"경상북도교육청","경상북도교육청","경상북도 영천시","S150000774","포은고등학교","04","공립","일반고등학교","N","병설","주간","19840301","19831121","4723025024","경북 영천시 금호읍 대미리","930-23.","770805","38873","경상북도 영천시 금호읍 성천앞길 112-53","(금호읍, 금호여중·포은고등학교)","35.9400184","128.8784232","054-332-6564","054-331-7592","https://school.gyo6.net/geumho","남녀공학","N","","N"
"경상북도교육청","경상북도교육청","경상북도 포항시 북구","S150000775","경북세무고등학교","04","공립","특성화고등학교","N","병설","주간","19771112","19771112","4711334021","경상북도 포항시 북구 기계면 현내리","1089번지.","791824","37528","경상북도 포항시 북구 기계면 기계로 218",", 경북세무고등학교","36.0773669671","129.1960800739","054-243-2203","054-244-3138","school.gyo6.net/gts","남녀공학","N","","N"
"경상북도교육청","경상북도교육청","경상북도 안동시","S150000776","길원여자고등학교","04","사립","일반고등학교","N","단설","주간","19741019","19740105","4717013200","경상북도 안동시 안막동","73번지.","760340","36682","경상북도 안동시 퇴계로 250",", 길원여자고등학교 (안막동)","36.579387","128.7350309","054-858-3122","054-858-3126","http://gilwon.hs.kr","녀","N","","N"
"경상북도교육청","경상북도교육청","경상북도 김천시","S150000777","김천고등학교","04","사립","자율고등학교","N","단설","주간","19310509","19310509","4715011400","경북 김천시 부곡동","777.","740110","39632","경상북도 김천시 송설로 90",", 김천고등학교 (부곡동)","36.1219144","128.0925233","054-429-9700","054-429-9714","http://school.gyo6.net/gimcheon/main.do","남","N","","N"
"경상북도교육청","경상북도교육청","경상북도 김천시","S150000778","김천생명과학고등학교","04","공립","특성화고등학교","N","단설","주간","19420501","19420501","4715010900","경북 김천시 교동","581.","740160","39522","경상북도 김천시 부거리길 310","(교동)","36.1358786","128.1000132","054-420-5140","054-437-2118","https://school.gyo6.net/gcbshs","남녀공학","N","","N"
"경상북도교육청","경상북도교육청","경상북도 김천시","S150000780","김천상업고등학교","04","공립","특성화고등학교","N","단설","주간","19720204","19720204","4715042021","경상북도 김천시 지례면 교리","412.","740931","39691","경상북도 김천시 지례면 남김천대로 1947","(지례면, 김천상업고등학교)","35.9978144986","128.0320680635","054-434-1815","054-435-4648","http://school.gyo6.net/kcch","남녀공학","Y","20190301","N"
"경상북도교육청","경상북도교육청","경상북도 김천시","S150000781","김천여자고등학교","04","공립","일반고등학교","N","단설","주간","19350423","19350423","4715010300","경상북도 김천시 모암동","100-1(김천여자고등학교).","740010","39582","경상북도 김천시 모암사랑10길 9",", 김천여자고등학교 (모암동)","36.1270644","128.1223019","054-420-7500","054-434-1775","http://school.gyo6.net/kcgh","녀","N","","N"
"경상북도교육청","경상북도교육청","경상북도 김천시","S150000782","김천예술고등학교","04","사립","일반고등학교","N","단설","주간","19851230","19851230","4715010900","경상북도 김천시 교동","527-1번지 .","740160","39522","경상북도 김천시 한일길 11-30","(교동, 김천예술고등학교)","36.1375963","128.0967415","054-431-7004","054-433-5555","https://school.gyo6.net/gcarts","남녀공학","N","","N"
"경상북도교육청","경상북도교육청","경상북도 김천시","S150000783","김천중앙고등학교","04","공립","일반고등학교","N","단설","주간","19640104","19640104","4715012000","경북 김천시 양천동","1153번지.","740060","39660","경상북도 김천시 해오름1로 36","김천중앙고등학교","36.0861844","128.1043047","054-435-4011","054-435-4014","http://school.gyo6.net/kcjahs","남","N","","N"
"경상북도교육청","경상북도교육청","경상북도 의성군","S150000788","다인정보고등학교","04","공립","특성화고등학교","N","병설","주간","19711129","19711129","4773044040","경상북도 의성군 다인면 도암리","283.","769972","769972","경상북도 의성군 다인면 서릉2길 27","(다인면,다인중고등학교)","36.452951","128.354875","054-861-4015","054-861-8648","http://www.dainhigh.hs.kr","남녀공학","Y","20170228","N"
"경상북도교육청","경상북도교육청","경상북도 고령군","S150000790","대가야고등학교","04","사립","일반고등학교","N","단설","주간","19831121","19831121","4783025321","경상북도 고령군 대가야읍 쾌빈리","산 33-2.","717803","40132","경상북도 고령군 대가야읍 가야금길 36","(대가야읍,대가야고등학교)","35.7441136","128.2714279","054-954-3516","054-955-4518","http://school.gyo6.net/daegaya","남녀공학","N","","N"
"경상북도교육청","경상북도교육청","경상북도 경산시","S150000791","대구가톨릭대학교사범대학부속무학고등학교","04","사립","일반고등학교","N","부속","주간","19741107","19741107","4729025023","경상북도 경산시 하양읍 도리","77.","712907","38410","경상북도 경산시 하양읍 금송로 71-11","(하양읍, 무학중고등학교)","35.9196307","128.8174752","053-854-8015","053-854-5483","http://school.gyo6.net/muhakgo","남","N","","N"
"경상북도교육청","경상북도교육청","경상북도 포항시 북구","S150000793","대동고등학교","04","사립","일반고등학교","N","단설","주간","19721225","19721225","4711311800","경북 포항시 북구 우현동","201-6.","791814","37635","경상북도 포항시 북구 우창서길 34",", 대동고등학교 (우현동, 대동중학교)","36.0588116","129.3580497","054-241-1216","054-241-3305","https://school.gyo6.net/daedonghs","남","N","","N"
"경상북도교육청","경상북도교육청","경상북도 영주시","S150000794","대영고등학교","04","사립","일반고등학교","N","단설","주간","19811231","19811231","4721010400","경북 영주시 휴천1동","1770번지.","750914","36155","경상북도 영주시 구성로150번길 45","(휴천동, 대영고등학교)","36.483237","128.375588","054-630-7803","054-630-7804","https://school.gyo6.net/daeyoung","남","N","","N"
"경상북도교육청","경상북도교육청","경상북도 예천군","S150000797","대창고등학교","04","사립","일반고등학교","N","병설","주간","19530415","19530415","4790025022","경북 예천군 예천읍 노상리","1번지.","757804","36824","경상북도 예천군 예천읍 대창학교길 33","(예천읍, 대창중.고등학교)","36.6602602","128.4543352","054-654-3340","054-652-3382","https://school.gyo6.net/daechanghs","남","N","","N"
"경상북도교육청","경상북도교육청","경상북도 구미시","S150000798","도개고등학교","04","사립","일반고등학교","N","병설","주간","19740105","19740105","4719033025","경북 구미시 도개면 궁기리","754.","730862","39103","경상북도 구미시 도개면 도안로 120","(도개면, 도개중고등학교)","36.301573","128.330609","054-474-1052","054-474-1505","https://school.gyo6.net/dogaehs","남녀공학","N","","N"
"경상북도교육청","경상북도교육청","경상북도 칠곡군","S150000802","동명고등학교","04","공립","일반고등학교","N","병설","주간","19831121","19831121","4785032031","경상북도 칠곡군 동명면 송산리","111.","718922","39860","경상북도 칠곡군 동명면 백송로 797","(동명면)","35.984881","128.54893","054-976-6351","054-976-2997","https://school.gyo6.net/dmhs","남녀공학","N","","N"
"경상북도교육청","경상북도교육청","경상북도 영주시","S150000804","한국미래산업고등학교","04","사립","특성화고등학교","N","단설","주간","19721226","19721226","4721010300","경북 영주시 하망동","595번지.","750913","36095","경상북도 영주시 영봉로 49",", 영주동산고등학교 (하망동,동산여중고등학교)","36.8190304","128.6448286","054-630-7520","054-630-7575","https://school.gyo6.net/kfi","남녀공학","N","","N"
"경상북도교육청","경상북도교육청","경상북도 포항시 북구","S150000805","동지고등학교","04","사립","일반고등학교","N","단설","주간","19510831","19510831","4711311700","경상북도 포항시 북구 용흥동","산125-3.","791170","37689","경상북도 포항시 북구 용흥로 123",", 동지고등학교","36.0387295","129.3461126","054-244-7003","054-248-2946","http://school.gyo6.net/dongjihs","남","N","","N"
"경상북도교육청","경상북도교육청","경상북도 포항시 북구","S150000806","동지여자고등학교","04","사립","일반고등학교","N","단설","주간","19660301","19660301","4711311700","경북 포항시 북구 용흥동","511.","791811","37689","경상북도 포항시 북구 용흥로 123",", 동지여자고등학교 (용흥동, 동지중고등학교, 동지여자중고등학교)","36.0387295","129.3461126","054-231-1101","054-231-1106","http://school.gyo6.net/djghs","녀","N","","N"
"경상북도교육청","경상북도교육청","경상북도 성주군","S150000810","명인고등학교","04","사립","특성화고등학교","N","병설","주간","19791121","19791121","4784031038","경상북도 성주군 선남면 도성리","1111-1.","719832","40047","경상북도 성주군 선남면 도성2길 4","(선남면, 명인고등학교)","35.885957","128.363275","054-933-1080","054-933-7246","http://myin.hs.kr","남녀공학","N","","N"
"경상북도교육청","경상북도교육청","경상북도 청도군","S150000811","모계고등학교","04","사립","일반고등학교","N","병설","주간","19530121","19530121","4782025027","",".","","38329","경상북도 청도군 화양읍 청화로 67","(화양읍,모계고등학교)","35.6495501","128.7358698","054-373-2707","054-373-3134","http://school.gyo6.net/mogyehs","남녀공학","N","","N"
"경상북도교육청","경상북도교육청","경상북도 경주시","S150000812","무산고등학교","04","사립","일반고등학교","N","병설","주간","19540420","19540420","4713025625","경상북도 경주시 건천읍 천포리","636번지.","780901","38179","경상북도 경주시 건천읍 천포방내길 18","(건천읍, 무산고등학교)","35.8451986","129.0973928","054-751-0207","054-751-7389","https://school.gyo6.net/musan","남녀공학","N","","N"
"경상북도교육청","경상북도교육청","경상북도 문경시","S150000815","문경공업고등학교","04","공립","특성화고등학교","N","단설","주간","19520925","19511129","4728010100","경상북도 문경시 점촌동","5-2.","745120","36944","경상북도 문경시 영신로 65",", 문경공업고등학교 (점촌동)","36.594057","128.2075","054-550-1563","054-554-1787","https://school.gyo6.net/mungyeong-th","남녀공학","N","","N"
"경상북도교육청","경상북도교육청","경상북도 문경시","S150000816","문경여자고등학교","04","사립","일반고등학교","N","단설","주간","19560116","19560116","4728010100","경북 문경시 점촌동","465번지.","745885","36955","경상북도 문경시 여고길 40","(점촌동, 문경여자고등학교)","36.5932337","128.1939945","054-553-2565","054-555-9267","https://school.gyo6.net/mungyeong","녀","N","","N"
"경상북도교육청","경상북도교육청","경상북도 경산시","S150000818","문명고등학교","04","사립","일반고등학교","N","단설","주간","19661117","19661117","4729010600","경상북도 경산시 백천동","산16번지.","712100","38649","경상북도 경산시 경청로230길 30","(백천동)","35.805586","128.74412","053-813-7312","053-813-1338","https://school.gyo6.net/munmyeonghs","남","N","","N"
"경상북도교육청","경상북도교육청","경상북도 문경시","S150000819","문창고등학교","04","사립","일반고등학교","N","단설","주간","19701226","19701226","4728010300","경북 문경시 흥덕동","716번지.","745891","36965","경상북도 문경시 돈달로 145","(흥덕동, 문창고등학교)","36.6027746","128.1992312","054-556-1510","054-556-1513","https://school.gyo6.net/munchang","남","N","","N"
"경상북도교육청","경상북도교육청","경상북도 경주시","S150000820","문화고등학교","04","사립","일반고등학교","N","단설","주간","19511015","19511011","4713011400","경상북도 경주시 충효동","717번지.","780250","38057","경상북도 경주시 충현로 98","(충효동, 문화고등학교/문화중학교)","35.8532742","129.1688859","054-742-2544","054-749-2005","https://school.gyo6.net/moonhwa","남","N","","N"
"경상북도교육청","경상북도교육청","경상북도 의성군","S150000822","경북소프트웨어마이스터고등학교","04","공립","특성화고등학교","N","병설","주간","19680610","19671226","4773038040","",".","","37362","경상북도 의성군 봉양면 봉호로 14","경북소프트웨어마이스터고등학교","36.3030417","128.584875","054-832-2903","054-833-2877","https://school.gyo6.net/gbsw","남녀공학","N","","N"
"경상북도교육청","경상북도교육청","경상북도 봉화군","S150000823","봉화고등학교","04","공립","자율고등학교","N","병설","주간","19580415","19580415","4792025022","경상북도 봉화군 봉화읍 삼계리","40번지.","755801","36240","경상북도 봉화군 봉화읍 내성로 138","(봉화읍)내성로 138","36.895759","128.7397337","054-679-3355","054-679-3365","https://school.gyo6.net/bonghwahs/main.do?sysId=bonghwahs","남녀공학","N","","N"
"경상북도교육청","경상북도교육청","경상북도 경주시","S150000831","경주마케팅고등학교","04","공립","특성화고등학교","N","병설","주간","19780315","19771230","4713034026","경상북도 경주시 산내면 의곡리","70-65.","780883","38186","경상북도 경주시 산내면 문복로 1797-27",", (산내중.경주마케팅고)","35.7529179","129.0467627","054-751-5053","054-751-7590","http://school.gyo6.net/sannae/","남녀공학","Y","20190301","N"
"경상북도교육청","경상북도교육청","경상북도 경주시","S150000838","삼성생활예술고등학교","04","사립","특성화고등학교","N","단설","주간","19520501","19520501","4713033024","경상북도 경주시 내남면 이조리","575.","780851","38193","경상북도 경주시 내남면 이조중앙길 27","(내남면, 삼성생활예술고등학교)","35.7520293","129.1989735","054-748-2047","054-748-2089","http://school.gyo6.net/beauty-samseong","남녀공학","N","","N"
"경상북도교육청","경상북도교육청","경상북도 상주시","S150000840","상산전자고등학교","04","공립","특성화고등학교","N","단설","주간","19750701","19750701","4725013000","경북 상주시 계산동","482-3.","742703","37159","경상북도 상주시 상산로 430","(계산동, 상산전자고등학교)","36.429801","128.160388","054-532-1515","054-536-1516","https://school.gyo6.net/sangsanhs","남녀공학","N","","N"
"경상북도교육청","경상북도교육청","경상북도 상주시","S150000841","상주고등학교","04","사립","일반고등학교","N","단설","주간","19540420","19530402","4725011200","경상북도 상주시 신봉동","258.","742130","37221","경상북도 상주시 상산로 117","(신봉동,상주고등학교)","36.4012596","128.1574147","054-530-9100","054-534-3704","https://school.gyo6.net/sangju","남","N","","N"
"경상북도교육청","경상북도교육청","경상북도 상주시","S150000842","상주공업고등학교","04","사립","특성화고등학교","N","단설","주간","19691215","19691215","4725011000","경상북도 상주시 낙양동","388.","742901","37164","경상북도 상주시 낙양1길 29","(낙양동, 상주공업고등학교)","36.40559","128.144837","054-532-3416","054-532-3418","http://school.gyo6.net/sanggong","남","N","","N"
"경상북도교육청","경상북도교육청","경상북도 상주시","S150000843","상주여자고등학교","04","공립","자율고등학교","N","단설","주간","19530414","19530225","4725010400","경북 상주시 복룡동","178-3.","742707","37237","경상북도 상주시 삼백로 315","(복룡동, 상주여자고등학교)","36.420535","128.178113","054-530-8600","054-534-9982","https://school.gyo6.net/sangjughs","녀","N","","N"
"경상북도교육청","경상북도교육청","경상북도 상주시","S150000844","우석여자고등학교","04","사립","일반고등학교","N","단설","주간","19770227","19770227","4725013000","경상북도 상주시 계산동","330-1.","742702","37159","경상북도 상주시 북천로 117","(계산동, 우석여자고등학교)","36.4276179","128.1644852","054-531-3681","054-531-3682","https://school.gyo6.net/wsg/main.do?sysId=wsg","녀","N","","N"
"경상북도교육청","경상북도교육청","경상북도 상주시","S150000846","상지미래경영고등학교","04","사립","특성화고등학교","N","병설","주간","19721229","19721229","4725025022","경상북도 상주시 함창읍 오동리","635.","742804","37114","경상북도 상주시 함창읍 함창중앙로 176","(함창읍)","36.569","128.184","054-541-3081","054-541-5896","http://school.gyo6.net/sangjihs","남녀공학","N","","N"
"경상북도교육청","경상북도교육청","경상북도 경주시","S150000847","선덕여자고등학교","04","사립","일반고등학교","N","단설","주간","19740115","19740115","4713011200","경상북도 경주시 인왕동","571-1.","780150","38161","경상북도 경주시 양정로 20-11",", 선덕여자고등학교 (인왕동)","35.837998","129.223654","054-746-2710","054-746-2720","http://school.gyo6.net/seondeokhs","녀","N","","N"
"경상북도교육청","경상북도교육청","경상북도 구미시","S150000850","선산고등학교","04","공립","일반고등학교","N","단설","주간","19510831","19510831","4719025023","경북 구미시 선산읍 노상리","42번지.","730802","39111","경상북도 구미시 선산읍 단계서4길 18","(선산읍)","36.247644","128.294769","054-481-0763","054-482-3850","http://school.gyo6.net/seonsanhs","남녀공학","N","","N"
"경상북도교육청","경상북도교육청","경상북도 구미시","S150000851","선산여자고등학교","04","공립","일반고등학교","N","병설","주간","19751114","19751114","4719025024","경상북도 구미시 선산읍 이문리","709.","730802","730802","경상북도 구미시 선산읍 선상서로14길 19-20",", 선산여자고등학교 (선산읍,선산여자종합고등학교)","","","054-482-5674","054-482-2934","http://www.sunsan-girls.hs.kr","녀","Y","20140301","N"
"경상북도교육청","경상북도교육청","경상북도 영주시","S150000852","한국국제조리고등학교","04","사립","특성화고등학교","N","단설","주간","19811231","19811231","4721010400","경상북도 영주시 휴천1동","112번지.","750051","36167","경상북도 영주시 영봉로 28",", 한국국제조리고등학교 (휴천동, 교육연구시설)","36.8160819","128.6413329","054-634-3623","054-634-3626","http://school.gyo6.net/kic","남녀공학","N","","N"
"경상북도교육청","경상북도교육청","경상북도 영천시","S150000853","동국대학교사범대학부속선화여자고등학교","04","사립","일반고등학교","N","부속","주간","19851230","19851230","4723011000","경북 영천시 화룡동","산7번지.","770080","38839","경상북도 영천시 상아탑길 36","(화룡동)","35.9680905","128.9224808","054-333-3435","054-333-3432","https://school.gyo6.net/dg-sunhwa","녀","N","","N"
"경상북도교육청","경상북도교육청","경상북도 김천시","S150000855","성의고등학교","04","사립","일반고등학교","N","단설","주간","19520314","19520314","4715011500","경상북도 김천시 지좌동","621번지.","740050","39654","경상북도 김천시 성의길 38","(지좌동)","36.1141659","128.1390631","054-436-2812","054-436-2818","http://school.gyo6.net/seonguihs","남","N","","N"
"경상북도교육청","경상북도교육청","경상북도 김천시","S150000856","성의여자고등학교","04","사립","일반고등학교","N","단설","주간","19520314","19520314","4715010500","경북 김천시 평화동","406-6.","740983","39621","경상북도 김천시 평화순환길 250-11","(평화동, 성의여자중고등학교)","36.1197906","128.1127646","054-432-6773","054-434-8524","https://school.gyo6.net/seongui-g","녀","N","","N"
"경상북도교육청","경상북도교육청","경상북도 성주군","S150000864","성주고등학교","04","공립","일반고등학교","N","단설","주간","19500510","19500510","4784025027","경상북도 성주군 성주읍 금산리","1158.","719803","40018","경상북도 성주군 성주읍 성주고교길 79","(성주읍)","35.9384991","128.2733928","054-933-2810","054-933-0467","https://school.gyo6.net/sjump","남","N","","N"
"경상북도교육청","경상북도교육청","경상북도 안동시","S150000865","성창여자고등학교","04","사립","일반고등학교","N","단설","주간","19801126","19801126","4717012800","",".","","36626","경상북도 안동시 석수길 53","(안기동,고등학교)","36.579361","128.713094","054-852-1451","054-854-2491","https://school.gyo6.net/seongchang","녀","N","","N"
"경상북도교육청","경상북도교육청","경상북도 안동시","S150000866","성희여자고등학교","04","사립","일반고등학교","N","단설","주간","19841107","19841107","4717014000","경북 안동시 정하동","산102-1.","760400","36748","경상북도 안동시 강남로 246","성희여자고등학교","36.5515323","128.7289823","054-858-7766","054-858-7316","https://school.gyo6.net/seonghui","녀","N","","N"
"경상북도교육청","경상북도교육청","경상북도 포항시 남구","S150000867","세명고등학교","04","사립","일반고등학교","N","단설","주간","19841008","19841008","4711111600","경상북도 포항시 남구 대잠동","913번지.","790826","37759","경상북도 포항시 남구 새천년대로474번길 13","(대잠동,세명고등학교)","36.0174919","129.3490268","054-273-9696","054-282-1837","http://school.gyo6.net/sm","남녀공학","N","","N"
"경상북도교육청","경상북도교육청","경상북도 포항시 북구","S150000868","세화고등학교","04","사립","일반고등학교","N","단설","주간","19870501","19860524","4711311800","경북 포항시 북구 우현동","318-3.","791814","37643","경상북도 포항시 북구 아치로 94","(우현동, 세화고등학교)","36.0543371","129.3524129","054-249-0814","054-248-7380","https://school.gyo6.net/phsehwa","남녀공학","N","","N"
"경상북도교육청","경상북도교육청","경상북도 봉화군","S150000869","소천고등학교","04","공립","일반고등학교","N","병설","주간","19830110","19830110","4792035021","경상북도 봉화군 소천면 현동리","701-10.","755881","755881","경상북도 봉화군 소천면 소천로 1237","(소천면,소천중고등학교)","36.9427116521","129.001381132","053-672-7412","054-673-7877","http://socheon.school.gyo6.net/","남녀공학","Y","20180301","N"
"경상북도교육청","경상북도교육청","경상북도 영양군","S150000870","수비고등학교","04","공립","일반고등학교","N","병설","주간","19831121","19831121","4776034031","경상북도 영양군 수비면 발리리","500번지.","764852","36522","경상북도 영양군 수비면 낙동정맥로 2417","(수비면, 수비중고등학교)","36.765616","129.203971","054-682-9050","054-682-6559","http://school.gyo6.net/subihs","남녀공학","N","","N"
"경상북도교육청","경상북도교육청","경상북도 칠곡군","S150000874","순심고등학교","04","사립","일반고등학교","N","단설","주간","19520330","19520330","4785025000","경상북도 칠곡군 왜관읍","340번지.","718806","39899","경상북도 칠곡군 왜관읍 평장2길 6",", 순심고등학교 (왜관읍)","35.987568","128.402863","054-971-1222","054-971-1644","http://school.gyo6.net/sunsimhs/","남","N","","N"
"경상북도교육청","경상북도교육청","경상북도 칠곡군","S150000875","순심여자고등학교","04","사립","일반고등학교","N","병설","주간","19741107","19741107","4785025021","경상북도 칠곡군 왜관읍 왜관리","남부1길 22.","718807","39898","경상북도 칠곡군 왜관읍 남부1길 22","(왜관읍,순심여중고등학교)","35.9867213","128.3963378","054-971-1173","054-974-3638","http://school.gyo6.net/sunsim-gh","녀","N","","N"
"경상북도교육청","경상북도교육청","경상북도 경주시","S150000879","신라고등학교","04","사립","일반고등학교","N","단설","주간","19821221","19821221","4713011400","경북 경주시 충효동","191번지.","780250","38064","경상북도 경주시 태종로 526","(충효동,신라고등학교)","35.8400113","129.187557","054-772-3218","054-748-7896","https://school.gyo6.net/sillago","남","N","","N"
"경상북도교육청","경상북도교육청","경상북도 경주시","S150000880","신라공업고등학교","04","사립","특성화고등학교","N","단설","주간","19800110","19800110","4713038029","",".","","38041","경상북도 경주시 천북면 천북로 41-21","(천북면,신라공업고등학교)","35.8935637","129.2427403","054-774-7672","054-774-7675","https://school.gyo6.net/sillahs","남","N","","N"
"경상북도교육청","경상북도교육청","경상북도 김천시","S150000882","경북과학기술고등학교","04","공립","특성화고등학교","N","병설","주간","19721226","19721226","4715025028","경상북도 김천시 아포읍 국사3리","748-3.","740862","39674","경상북도 김천시 아포읍 아포대로 1053","","36.1590905779","128.2432197905","054-429-0550","054-431-5002","https://school.gyo6.net/gsths","남녀공학","N","","N"
"경상북도교육청","경상북도교육청","경상북도 경주시","S150000885","경주예일고등학교","04","사립","일반고등학교","N","단설","주간","19781108","19781108","4713025332","경상북도 경주시 안강읍 산대리","1859번지.","780806","38018","경상북도 경주시 안강읍 화전길 62-8","(안강읍)","35.99321","129.211138","070-7113-7331","054-761-0305","http://school.gyo6.net/gj-yale","남녀공학","N","","N"
"경상북도교육청","경상북도교육청","경상북도 경주시","S150000886","안강전자고등학교","04","공립","특성화고등학교","N","병설","주간","19600213","19600213","4713025333","경북 경주시 안강읍 안강1리","233-7번지.","780807","38007","경상북도 경주시 안강읍 안강중앙로 269",", 안강전자고등학교 (안강읍)","35.9929846","129.2302125","054-761-2005","054-761-5052","https://school.gyo6.net/anganghs","남녀공학","N","","N"
"경상북도교육청","경상북도교육청","경상북도 청송군","S150000890","안덕고등학교","04","공립","일반고등학교","N","병설","주간","19750301","19750301","4775035033","경상북도 청송군 안덕면 명당리","385.","763861","763861","경상북도 청송군 안덕면 안덕로 65-3","(안덕면,안덕중고등학교)","36.2899182","128.9571683","054-872-0048","054-872-5768","http://andeokhs.school.gyo6.net","남녀공학","Y","20160301","N"
"경상북도교육청","경상북도교육청","경상북도 안동시","S150000891","안동고등학교","04","공립","자율고등학교","N","단설","주간","19511001","19510831","4717013900","경상북도 안동시 정상동","산 127-1번지.","760390","36753","경상북도 안동시 강남로 550","(정상동)","36.543825","128.760075","054-858-2941","054-858-2943","http://school.gyo6.net/andonghs","남","N","","N"
"경상북도교육청","경상북도교육청","경상북도 안동시","S150000893","경북하이텍고등학교","04","사립","특성화고등학교","N","단설","주간","19721229","19721229","4717012200","경북 안동시 송현동","273.","760300","36643","경상북도 안동시 경동로 404","(태화동)","36.570366","128.703224","054-842-8300","054-842-5402","school.gyo6.net/hi-tech","남녀공학","N","","N"
"경상북도교육청","경상북도교육청","경상북도 안동시","S150000895","한국생명과학고등학교","04","공립","특성화고등학교","N","단설","주간","19330420","19330420","4717013300","경북 안동시 옥동","1202번지.","760310","36663","경상북도 안동시 하이마로 385","(옥동, 한국생명과학고등학교)","36.5503651","128.6877237","054-840-2500","054-840-2581","http://school.gyo6.net/hansaenghs/","남녀공학","N","","N"
"경상북도교육청","경상북도교육청","경상북도 안동시","S150000896","안동여자고등학교","04","공립","일반고등학교","N","단설","주간","19420501","19420501","4717012500","경상북도 안동시 법상동","23-1.","760210","36689","경상북도 안동시 법상윗3길 32","(법상동, 안동여자고등학교)","36.34236","128.43338","054-841-4091","054-855-5083","http://school.gyo6.net/andong-gh","녀","N","","N"
"경상북도교육청","경상북도교육청","경상북도 안동시","S150000897","안동중앙고등학교","04","사립","일반고등학교","N","단설","주간","19631214","19631214","4717012200","경북 안동시 태화동","604번지.","760905","36667","경상북도 안동시 서악길 45",", 안동중앙고등학교 (태화동,고등학교)","36.561216","128.709548","054-852-2223","054-852-5853","http://school.gyo6.net/adja","남","N","","N"
"경상북도교육청","경상북도교육청","경상북도 칠곡군","S150000898","약목고등학교","04","공립","일반고등학교","N","단설","주간","19730305","19730305","4785036033","경상북도 칠곡군 약목면 무림리","1119번지.","718811","39827","경상북도 칠곡군 약목면 무림1길 6-26","(약목면,약목고등학교)","36.0270779801","128.371716998","054-974-4814","054-974-6521","https://school.gyo6.net/yakmokhs","남녀공학","N","","N"
"경상북도교육청","경상북도교육청","경상북도 영주시","S150000901","영광고등학교","04","사립","일반고등학교","N","단설","주간","19540401","19540401","4721010200","경상북도 영주시 상망동","49-16번지.","750030","36063","경상북도 영주시 의상로 62","(상망동, 영광고등학교)","36.8410746","128.6402243","054-633-6613","054-634-3910","http://school.gyo6.net/yeong-gwang","남","N","","N"
"경상북도교육청","경상북도교육청","경상북도 영주시","S150000902","영광여자고등학교","04","사립","일반고등학교","N","단설","주간","19661117","19661117","4721010100","경북 영주시 영주1동","109-2번지.","750011","36072","경상북도 영주시 숫골길23번길 39","(영주동, 영광여자고등학교)","36.8318961","128.6210344","054-634-5303","054-634-5300","https://school.gyo6.net/yg","녀","N","","N"
"경상북도교육청","경상북도교육청","경상북도 경산시","S150000903","영남삼육고등학교","04","사립","일반고등학교","N","병설","주간","19590228","19590228","4729035032","",".","","38572","경상북도 경산시 남산면 서원길 58-31","(송내리 70번지) (남산면)","35.787767","128.828937","053-852-3661","053-852-3669","http://school.gyo6.net/yn36","남녀공학","N","","N"
"경상북도교육청","경상북도교육청","경상북도 영덕군","S150000904","영덕여자고등학교","04","사립","일반고등학교","N","병설","주간","19751114","19751114","4777025024","경상북도 영덕군 영덕읍 덕곡2리","106번지.","766803","36426","경상북도 영덕군 영덕읍 영덕로 206","(영덕읍)","36.4133639","129.3754297","054-732-6716","054-732-6729","https://school.gyo6.net/yeongdeokg","녀","N","","N"
"경상북도교육청","경상북도교육청","경상북도 영덕군","S150000905","영덕고등학교","04","공립","일반고등학교","N","병설","주간","19360608","19360608","4777025022","경상북도 영덕군 영덕읍 화개리","72.","766801","36430","경상북도 영덕군 영덕읍 군청1길 13","(영덕읍, 영덕고등학교,영덕중학교)","36.4163627","129.3689132","054-732-7314","054-732-7315","https://school.gyo6.net/ydhs/main.do?sysId=ydhs","남","N","","N"
"경상북도교육청","경상북도교육청","경상북도 영천시","S150000906","영동고등학교","04","사립","일반고등학교","N","단설","주간","19740301","19740301","4723010300","경상북도 영천시 야사동","393번지.","770100","38832","경상북도 영천시 안야사길 13","(야사동, 영동고등학교)","35.977501","128.946163","054-333-6653","054-332-1776","https://school.gyo6.net/youngdonghs","남","N","","N"
"경상북도교육청","경상북도교육청","경상북도 안동시","S150000907","예일메디텍고등학교","04","사립","특성화고등학교","N","단설","주간","19750121","19750121","4717014000","경상북도 안동시 정하동","401.","760400","36747","경상북도 안동시 예일길 85","(정하동, 예일메디텍고등학교)","36.547568","128.720857","054-858-8052","054-858-0391","http://school.gyo6.net/yalemhs","남녀공학","N","","N"
"경상북도교육청","경상북도교육청","경상북도 영양군","S150000908","영양고등학교","04","공립","일반고등학교","N","병설","주간","19530401","19530401","4776025022","경북 영양군 영양읍 서부2리","540번지.","764806","36539","경상북도 영양군 영양읍 중앙로 81","영양고등학교","36.661697","129.111374","054-682-1602","054-683-3642","https://school.gyo6.net/yy","남","N","","N"
"경상북도교육청","경상북도교육청","경상북도 영양군","S150000909","영양여자고등학교","04","사립","일반고등학교","N","병설","주간","19740105","19740105","4776025021","경북 영양군 영양읍 동부리","5.","764804","36542","경상북도 영양군 영양읍 영양창수로 141","(영양읍, 영양여자중고등학교)","36.661795","129.1301647","054-680-7002","054-683-3725","http://www.yyg.hs.kr","녀","N","","N"
"경상북도교육청","경상북도교육청","경상북도 포항시 남구","S150000910","영일고등학교","04","사립","일반고등학교","N","단설","주간","19781108","19781108","4711125323","경상북도 포항시 남구 연일읍 동문리","47.","790882","37840","경상북도 포항시 남구 연일읍 동문로 56","(연일읍, 영일중고등학교)","35.9954866","129.3534145","054-285-5016","054-285-7911","https://school.gyo6.net/yihs","남녀공학","N","","N"
"경상북도교육청","경상북도교육청","경상북도 영주시","S150000912","한국철도고등학교","04","사립","특성화고등학교","N","단설","주간","19720617","19720617","4721010300","경상북도 영주시 하망동","470번지.","750913","36094","경상북도 영주시 이산로 31","한국철도고등학교","36.822197","128.640865","054-634-5774","054-632-6590","https://school.gyo6.net/railhs","남","N","","N"
"경상북도교육청","경상북도교육청","경상북도 영주시","S150000914","경북항공고등학교","04","사립","특성화고등학교","N","단설","주간","19540426","19540426","4721025028","경상북도 영주시 풍기읍 교촌1리","147번지.","750801","36023","경상북도 영주시 풍기읍 금계로 90",", 경북항공고등학교 (풍기읍)","36.8811646","128.5257795","054-636-2701","054-636-2704","http://경북항공고.한국","남녀공학","N","","N"
"경상북도교육청","경상북도교육청","경상북도 영주시","S150000916","영주여자고등학교","04","공립","일반고등학교","N","단설","주간","19540516","19540516","4721010300","경북 영주시 하망동","167-1.","750040","36068","경상북도 영주시 명륜길 58","(하망동,영주여자고등학교)","36.8303964","128.6298711","054-639-1703","054-639-1799","https://school.gyo6.net/yeongju-girl","녀","N","","N"
"경상북도교육청","경상북도교육청","경상북도 영주시","S150000917","영주제일고등학교","04","공립","자율고등학교","N","단설","주간","19430303","19430303","4721010500","경상북도 영주시 가흥2동","488번지.","750902","36056","경상북도 영주시 신재로 36","(가흥동, 제일고등학교)","36.83181","128.609002","054-639-4520","054-638-0296","https://school.gyo6.net/yeongjujeil","남","N","","N"
"경상북도교육청","경상북도교육청","경상북도 영천시","S150000919","영천고등학교","04","공립","일반고등학교","N","단설","주간","19511129","19511129","4723010300","경상북도 영천시 야사동","393.","770904","38860","경상북도 영천시 영천고2길 12","(야사동)","35.9","128.9","054-333-3523","054-331-8642","http://school.gyo6.net/yeongcheon","남","N","","N"
"경상북도교육청","경상북도교육청","경상북도 영천시","S150000920","영천전자고등학교","04","사립","특성화고등학교","N","병설","주간","19511110","19511005","4723035027","경상북도 영천시 화남면 삼창리","86번지.","770832","38810","경상북도 영천시 화남면 천문로 1709",", 영천전자고 (화남면)","36.0683831373","128.8978746456","054-337-3502","054-337-3503","http://school.gyo6.net/yeongcheon-e","남녀공학","N","","N"
"경상북도교육청","경상북도교육청","경상북도 영천시","S150000921","영천여자고등학교","04","공립","일반고등학교","N","단설","주간","19610707","19610707","4723011000","경상북도 영천시 화룡동","230.","770080","38841","경상북도 영천시 최무선로 180","(성내동)","35.9623162","128.9205311","054-332-6912","054-332-1886","http://school.gyo6.net/yeongcheon-girls","녀","N","","N"
"경상북도교육청","경상북도교육청","경상북도 영천시","S150000923","영천성남여자고등학교","04","사립","일반고등학교","N","단설","주간","19781108","19781108","4723011100","경북 영천시 도동","213번지.","770230","38896","경상북도 영천시 남촌길 17",", 영천성남여자고등학교 (도동, 성남여자중고등학교)","35.9488516","128.931643","054-331-7109","054-334-9603","http://school.gyo6.net/ycsnhs","녀","N","","N"
"경상북도교육청","경상북도교육청","경상북도 영덕군","S150000924","영해고등학교","04","공립","일반고등학교","N","병설","주간","19550519","19550519","4777036031","경상북도 영덕군 영해면 괴시1리","115.","766811","36415","경상북도 영덕군 영해면 예주길 135","(영해면, 영해중고교)","36.542336704","129.413224094","054-732-0045","054-734-1049","https://school.gyo6.net/yh","남녀공학","N","","N"
"경상북도교육청","경상북도교육청","경상북도 예천군","S150000929","예천여자고등학교","04","공립","일반고등학교","N","단설","주간","19550519","19550519","4790025023","경북 예천군 예천읍 백전리","55-1.","757804","36824","경상북도 예천군 예천읍 효자로 205","(예천읍, 예천여자고등학교)","36.6646072","128.4603795","054-700-5502","054-655-7167","https://school.gyo6.net/yecheonhs","녀","N","","N"
"경상북도교육청","경상북도교육청","경상북도 구미시","S150000931","오상고등학교","04","사립","일반고등학교","N","단설","주간","19510831","19510831","4719036021","경상북도 구미시 장천면 상장리","708번지.","730842","39453","경상북도 구미시 장천면 강동로 164","(장천면,오상고등학교)","36.1250249625","128.4961959603","054-471-5037","054-471-7908","http://school.gyo6.net/osanghs","남녀공학","N","","N"
"경상북도교육청","경상북도교육청","경상북도 포항시 남구","S150000934","오천고등학교","04","사립","일반고등학교","N","단설","주간","19831121","19831121","4711125630","경북 포항시 남구 오천읍 용덕리","268.","790908","37909","경상북도 포항시 남구 오천읍 해병로 293","(오천읍, 오천중고등학교)","35.9690231746","129.4127411388","054-291-8400","054-291-8402","http://www.ocheon.hs.kr","남녀공학","N","","N"
"경상북도교육청","경상북도교육청","경상북도 상주시","S150000936","경북자연과학고등학교","04","사립","특성화고등학교","N","병설","주간","19661117","19661117","4725035027","경북 상주시 공성면 산현리","873번지.","742844","37266","경상북도 상주시 공성면 문화마을길 23","(공성면, 용운중 경북자연과학고등학교)","36.2791114","128.0951694","054-532-3910","054-534-2537","https://school.gyo6.net/gbns","남녀공학","N","","N"
"경상북도교육청","경상북도교육청","경상북도 울릉군","S150000937","울릉고등학교","04","공립","특성화고등학교","N","단설","주간","19540518","19540518","4794025024","경상북도 울릉군 울릉읍 도동리","350번지.","799802","40219","경상북도 울릉군 울릉읍 울릉순환로 236","(울릉읍, 울릉고등학교)","37.4929568","130.9074163","054-791-2734","054-791-9322","http://school.gyo6.net/ul","남녀공학","N","","N"
"경상북도교육청","경상북도교육청","경상북도 울진군","S150000938","울진고등학교","04","공립","자율고등학교","N","단설","주간","19511019","19510831","4793025023","경북 울진군 울진읍 연지리","781번지.","767805","36324","경상북도 울진군 울진읍 연지길 7",", 울진고등학교 (울진읍)","36.997318","129.405638","054-783-2376","054-783-8218","https://school.gyo6.net/uljinhs","남녀공학","N","","N"
"경상북도교육청","경상북도교육청","경상북도 포항시 북구","S150000941","유성여자고등학교","04","사립","일반고등학교","N","단설","주간","19751114","19751114","4711311800","경북 포항시 북구 우현동","205-2.","791220","37635","경상북도 포항시 북구 우창로 43",", 유성여자고등학교 (우현동)","36.05792","129.36089","054-246-2315","054-248-7506","https://school.gyo6.net/yuseong-g","녀","N","","N"
"경상북도교육청","경상북도교육청","경상북도 의성군","S150000944","의성고등학교","04","사립","일반고등학교","N","단설","주간","19781229","19781229","4773025022","경북 의성군 의성읍 중리리","710-1번지.","769803","37339","경상북도 의성군 의성읍 군청길 57","(의성읍, 의성고등학교)","36.3532966","128.6996822","054-832-0116","054-832-0114","https://school.gyo6.net/us","남","N","","N"
"경상북도교육청","경상북도교육청","경상북도 의성군","S150000945","의성유니텍고등학교","04","공립","특성화고등학교","N","단설","주간","19460901","19460901","4773025022","경북 의성군 의성읍 중리리","720번지.","769803","37339","경상북도 의성군 의성읍 문소1길 164","(의성읍, 의성공업고등학교)","36.3549971","128.7000657","054-832-0068","054-832-5822","https://school.gyo6.net/usunitechhs","남녀공학","N","","N"
"경상북도교육청","경상북도교육청","경상북도 의성군","S150000946","의성여자고등학교","04","공립","일반고등학교","N","단설","주간","19520401","19520401","4773025021","경북 의성군 의성읍 후죽리","415-1.","769805","37332","경상북도 의성군 의성읍 북원3길 35","(의성읍)","36.3613298","128.6957909","054-832-0436","054-833-0435","https://school.gyo6.net/usghs","녀","N","","N"
"경상북도교육청","경상북도교육청","경상북도 청도군","S150000949","이서고등학교","04","사립","일반고등학교","N","병설","주간","19660117","19660117","4782034042","경상북도 청도군 이서면 서원리","331-3.","714853","38317","경상북도 청도군 이서면 학산1길 22","(이서면)","35.6622972","128.6684042","054-372-4593","054-371-4597","https://school.gyo6.net/eseohhs","남녀공학","N","","N"
"경상북도교육청","경상북도교육청","경상북도 문경시","S150000954","점촌고등학교","04","공립","자율고등학교","N","단설","주간","19841127","19841127","4728011000","경북 문경시 모전동","620번지.","745883","36975","경상북도 문경시 점고길 50","(모전동)","36.5961","128.182197","054-553-7306","054-553-8341","https://school.gyo6.net/jchsl","남녀공학","N","","N"
"경상북도교육청","경상북도교육청","경상북도 울진군","S150000955","죽변고등학교","04","공립","일반고등학교","N","단설","주간","19690331","19690325","4793037021","경상북도 울진군 죽변면 죽변3리","215번지.","767814","36315","경상북도 울진군 죽변면 죽변4길 19","(죽변면, 죽변고등학교)","37.0648837","129.4198888","054-783-7228","054-783-0817","http://school.gyo6.net/jbhs","남녀공학","N","","N"
"경상북도교육청","경상북도교육청","경상북도 포항시 북구","S150000956","포항보건고등학교","04","사립","특성화고등학교","N","병설","주간","19821130","19540406","4711335000","경상북도 포항시 북구 죽장면 입암리","143.","791912","37507","경상북도 포항시 북구 죽장면 일광길 2","(죽장면, 서포중학교,포항보건고등학교)","36.1641923282","129.0930392529","054-243-3203","054-243-3205","https://school.gyo6.net/gbnursinghs","남녀공학","N","","N"
"경상북도교육청","경상북도교육청","경상북도 상주시","S150000957","한국미래농업고등학교","04","공립","특성화고등학교","N","병설","주간","19671127","19671127","4725038021","경상북도 상주시 모동면 덕곡리","1087번지.","742912","37271","경상북도 상주시 모동면 덕곡1길 13","(모동면, 한국미래농업고등학교)","36.325","127.9602","054-533-4080","054-728-9202","https://school.gyo6.net/kfa","남녀공학","N","","N"
"경상북도교육청","경상북도교육청","경상북도 예천군","S150000960","지보고등학교","04","공립","일반고등학교","N","병설","주간","19741227","19741227","4790040022","경상북도 예천군 지보면 마전리","142-1.","757853","757853","경상북도 예천군 지보면 지보로 167-7","(지보면,지보중？고등학교)","","","054-653-3564","054-655-3564","http://jibo.ms.kr","남녀공학","Y","20140301","N"
"경상북도교육청","경상북도교육청","경상북도 경산시","S150000961","진량고등학교","04","사립","일반고등학교","N","단설","주간","19540220","19540220","4729025321","경북 경산시 진량읍 신상1리","1114번지.","712837","38485","경상북도 경산시 진량읍 대학로 1051","(진량읍, 진량중고등학교)","35.8772746716","128.8110170527","053-853-0203","053-851-0201","https://school.gyo6.net/jinryanghs","남녀공학","N","","N"
"경상북도교육청","경상북도교육청","경상북도 청송군","S150000962","진보고등학교","04","공립","일반고등학교","N","병설","주간","19530401","19530401","4775037036","경상북도 청송군 진보면 진안1리","562-2.","763816","37406","경상북도 청송군 진보면 진성로 25",", 진보고등학교 (진보면,진보중고등학교)","36.5325742","129.0413407","054-874-2624","054-873-5871","http://school.gyo6.net/jinboms","남녀공학","N","","N"
"경상북도교육청","경상북도교육청","경상북도 청도군","S150000964","청도고등학교","04","사립","일반고등학교","N","병설","주간","19740105","19740105","4782025321","경북 청도군 청도읍 고수8리","840-2번지.","714803","38341","경상북도 청도군 청도읍 청화로 219-21","(청도읍, 청도중고등학교)","35.6410083","128.7479237","054-372-9337","054-373-4247","http://school.gyo6.net/cheongdohs","남녀공학","N","","N"
"경상북도교육청","경상북도교육청","경상북도 청도군","S150000965","경북드론고등학교","04","공립","특성화고등학교","N","병설","주간","19930401","19671005","4782032033","경상북도 청도군 풍각면 송서1리","553-6.","714833","38309","경상북도 청도군 풍각면 헐티로 185",", 경북드론고등학교","35.6408744183","128.6198976585","054-370-9300","054-371-4529","http://school.gyo6.net/gbdhs","남녀공학","N","","N"
"경상북도교육청","경상북도교육청","경상북도 청송군","S150000967","청송고등학교","04","공립","일반고등학교","N","병설","주간","19540528","19540528","4775025023","경상북도 청송군 청송읍 금곡리","815-3.","763802","37433","경상북도 청송군 청송읍 금곡1길 13",", 청송중고등학교 (청송읍, 청송중고등학교)","36.4300567","129.058057","054-873-2239","054-873-8857","http://school.gyo6.net/chs","남","N","","N"
"경상북도교육청","경상북도교육청","경상북도 청송군","S150000968","경북골프경영고등학교","04","사립","특성화고등학교","N","단설","주간","19740105","19740105","4775032031","경북 청송군 부남면 대전리","654.","763841","37443","경상북도 청송군 부남면 대전로 66","(부남면, 경북골프경영고등학교)","36.3414218","129.0603445","054-872-3554","054-874-0161","https://school.gyo6.net/kbgolf/","남녀공학","N","","N"
"경상북도교육청","경상북도교육청","경상북도 청송군","S150000969","청송여자고등학교","04","사립","일반고등학교","N","병설","주간","19771112","19771112","4775025021","경상북도 청송군 청송읍 월막1리","315.","763802","37427","경상북도 청송군 청송읍 군청로 69","","36.4360884698","129.0589010847","054-873-2444","054-873-3914","http://school.gyo6.net/sonamuhs","녀","N","","N"
"경상북도교육청","경상북도교육청","경상북도 봉화군","S150000972","한국산림과학고등학교","04","공립","특성화고등학교","N","병설","주간","19720114","19720114","4792034023","경북 봉화군 춘양면 서동리","90번지.","755842","36213","경상북도 봉화군 춘양면 서원촌길 8-14","(춘양면)","36.9477383","128.9141326","054-673-3068","054-673-3065","http://school.gyo6.net/korea-forest/","남녀공학","N","","N"
"경상북도교육청","경상북도교육청","경상북도 칠곡군","S150000974","경북기계명장고등학교","04","공립","특성화고등학교","N","병설","주간","19831121","19831121","4785031036","경상북도 칠곡군 지천면 신1리","산15-9.","718821","39864","경상북도 칠곡군 지천면 신동로 99","(지천면, 신동중.경북기계명장고등학교)","35.9584355","128.4836635","054-972-2461","054-972-8496","http://school.gyo6.net/gbmmhs","남","N","","N"
"경상북도교육청","경상북도교육청","경상북도 경주시","S150000977","효청보건고등학교","04","사립","특성화고등학교","N","단설","주간","19781108","19781108","4713025922","경상북도 경주시 외동읍 모화4리","162.","780825","38215","경상북도 경주시 외동읍 모화남1길 26-132","(외동읍)","35.40206","129.20297","054-773-0734","054-746-4637","http://school.gyo6.net/hyochung","남녀공학","N","","N"
"경상북도교육청","경상북도교육청","경상북도 울진군","S150000978","한국원자력마이스터고등학교","04","공립","특수목적고등학교","N","단설","주간","19671226","19671226","4793025325","경상북도 울진군 평해읍 월송리","508-3.","767901","36364","경상북도 울진군 평해읍 월송정로 422",", 한국원자력마이스터고등학교 (평해읍)","36.7429327","129.4644444","054-789-8000","054-789-8006","https://school.gyo6.net/pyth","남","N","","N"
"경상북도교육청","경상북도교육청","경상북도 울진군","S150000980","경북관광비즈니스고등학교","04","공립","특성화고등학교","N","병설","주간","19760326","19751114","4793025321","경상북도 울진군 평해읍 평해리","413번지.","767902","36366","경상북도 울진군 평해읍 평해7길 61-3","(경북관광비즈니스고등학교)","36.7286846","129.443","054-787-2007","054-787-1397","https://school.gyo6.net/phhs","남녀공학","N","","N"
"경상북도교육청","경상북도교육청","경상북도 포항시 북구","S150000982","포항고등학교","04","공립","일반고등학교","N","단설","주간","19510813","19510813","4711311200","경북 포항시 북구 학산동","288.","791180","37713","경상북도 포항시 북구 아호로 50","포항고등학교(학산동)","36.0570123","129.3718615","054-613-4500","054-248-6288","https://school.gyo6.net/pohanghs","남","N","","N"
"경상북도교육청","경상북도교육청","경상북도 포항시 북구","S150000986","포항여자고등학교","04","공립","일반고등학교","N","단설","주간","19390313","19390313","4711311200","경상북도 포항시 북구 학산동","243번지.","791180","37719","경상북도 포항시 북구 장미길 10","(학산동)","36.0506794","129.3649743","054-250-5855","054-248-3227","https://school.gyo6.net/poyogohs","녀","N","","N"
"경상북도교육청","경상북도교육청","경상북도 포항시 북구","S150000988","포항여자전자고등학교","04","공립","특성화고등학교","N","단설","주간","19950301","19950301","4711311700","경북 포항시 북구 용흥동","430.","791170","37644","경상북도 포항시 북구 용흥로291번길 19","(용흥동, 포항여자전자고등학교)","36.0504292","129.3496258","054-240-6800","054-240-6860","http://school.gyo6.net/pgeh","녀","N","","N"
"경상북도교육청","경상북도교육청","경상북도 포항시 북구","S150000989","포항영신고등학교","04","사립","일반고등학교","N","단설","주간","19910930","19910928","4711311800","경북 포항시 북구 우현동 산","63-6.","791220","37642","경상북도 포항시 북구 소티재로 107","(우현동, 영신중학교, 영신고등학교)","36.0612329","129.3513963","054-250-7750","054-250-7710","https://school.gyo6.net/physhs","남","N","","N"
"경상북도교육청","경상북도교육청","경상북도 포항시 북구","S150000990","포항예술고등학교","04","사립","일반고등학교","N","단설","주간","19970905","19970905","4711325050","경북 포항시 북구 흥해읍 대련리","산68번지.","791944","37653","경상북도 포항시 북구 흥해읍 연화길 56","(흥해읍,포항예술고등학교)","36.05177","129.3147915","054-262-5400","054-262-5403","https://school.gyo6.net/pharts","남녀공학","N","","N"
"경상북도교육청","경상북도교육청","경상북도 포항시 남구","S150000991","포항동성고등학교","04","사립","일반고등학교","N","단설","주간","19901008","19901008","4711132021","경북 포항시 남구 동해면 도구2리","621번지.","790853","37925","경상북도 포항시 남구 동해면 일월로41번길 26","(동해면, 포항동해중학교, 포항동성고등학교)","35.9903557","129.4396816","054-286-3009","054-284-6755","https://school.gyo6.net/phds","남녀공학","N","","N"
"경상북도교육청","경상북도교육청","경상북도 포항시 남구","S150000992","포항제철고등학교","04","사립","자율고등학교","N","단설","주간","19810306","19801126","4711111500","경상북도 포항시 남구 지곡동","477번지.","790834","37667","경상북도 포항시 남구 지곡로212번길 40",", 포항제철고등학교 (지곡동)","36.02889","129.3280284","054-279-4710","054-279-4720","http://school.gyo6.net/pocheolhs","남녀공학","N","","N"
"경상북도교육청","경상북도교육청","경상북도 포항시 남구","S150000993","포항제철공업고등학교","04","사립","특수목적고등학교","N","단설","주간","19710403","19691122","4711111500","경북 포항시 남구 지곡동","418번지.","790390","37666","경상북도 포항시 남구 지곡로 150",", 포항제철공업고등학교 (지곡동)","36.0222494","129.32715","054-279-4613","054-279-4679","http://school.gyo6.net/pocheoltechhs","남","N","","N"
"경상북도교육청","경상북도교육청","경상북도 포항시 북구","S150000994","포항중앙고등학교","04","사립","일반고등학교","N","단설","주간","19821130","19821130","4711311800","경북 포항시 북구 우현동","441.","791220","37642","경상북도 포항시 북구 소티재로151번길 11","(우현동,포항중앙고등학교)","36.0651938","129.348513","054-720-1000","054-241-4054","http://school.gyo6.net/pojungang","남","N","","N"
"경상북도교육청","경상북도교육청","경상북도 포항시 북구","S150000995","포항중앙여자고등학교","04","사립","일반고등학교","N","단설","주간","19820419","19851230","4711311800","경북 포항시 북구 우현동","436.","791220","37642","경상북도 포항시 북구 소티재로151번길 7","(우현동,포항중앙여자고등학교)","36.064152","129.347562","054-700-2000","054-248-3055","http://school.gyo6.net/pjgh","녀","N","","N"
"경상북도교육청","경상북도교육청","경상북도 안동시","S150000999","풍산고등학교","04","사립","일반고등학교","N","병설","주간","19740301","19671005","4717025021","경상북도 안동시 풍산읍 안교리","320번지.","760802","36621","경상북도 안동시 풍산읍 풍산중앙길 39","(풍산읍)","36.5836909","128.5656224","054-858-6803","054-858-2486","http://school.gyo6.net/poongsanhs","남녀공학","N","","N"
"경상북도교육청","경상북도교육청","경상북도 예천군","S150001000","풍양고등학교","04","공립","일반고등학교","N","병설","주간","19741127","19741127","4790041040","경북 예천군 풍양면 낙상리","253번지.","757862","757862","경상북도 예천군 풍양면 낙상1길 94","(풍양면,풍양고등학교)","36.5087134","128.2968621","054-653-7378","054-652-9319","http://pungyang.school.gyo6.net","남녀공학","Y","20170228","N"
"경상북도교육청","경상북도교육청","경상북도 경산시","S150001001","하양여자고등학교","04","사립","일반고등학교","N","단설","주간","19791121","19791121","4729025030","경상북도 경산시 하양읍 대학리","100번지.","712901","38408","경상북도 경산시 하양읍 지식산업로8길 21","(하양읍, 하양여자고등학교)","35.930777","128.8253285","053-851-3013","053-851-7488","https://school.gyo6.net/hayanghs","녀","N","","N"
"경상북도교육청","경상북도교육청","경상북도 김천시","S150001003","한일여자고등학교","04","사립","일반고등학교","N","단설","주간","19711227","19711227","4715010900","경북 김천시 교동","527-1.","740160","39522","경상북도 김천시 한일길 11-30","(교동)","36.1375963","128.0967415","054-431-7008","054-431-7012","https://school.gyo6.net/hanilhs","녀","N","","N"
"경상북도교육청","경상북도교육청","경상북도 상주시","S150001004","함창고등학교","04","사립","일반고등학교","N","병설","주간","19520404","19520404","4725025024","경상북도 상주시 함창읍 증촌리","242.","742804","37118","경상북도 상주시 함창읍 함창중앙로 85","(함창읍, 함창중고등학교)","36.5676034","128.1738335","054-541-2297","054-541-8633","http://school.gyo6.net/hamchanghs","남녀공학","N","","N"
"경상북도교육청","경상북도교육청","경상북도 청송군","S150001007","현서고등학교","04","공립","일반고등학교","N","병설","주간","19810430","19810430","4775034045","경북 청송군 현서면 덕계리","533.","763872","37460","경상북도 청송군 현서면 구덕길 74","(현서면, 현서중고등학교)","36.2813766","128.8986615","054-872-5102","054-872-8903","https://school.gyo6.net/hse","남녀공학","N","","N"
"경상북도교육청","경상북도교육청","경상북도 구미시","S150001008","현일고등학교","04","사립","일반고등학교","N","단설","주간","19750121","19750121","4719025337","경북 구미시 고아읍 항곡리","468-1.","730815","39151","경상북도 구미시 고아읍 선산대로 656","(고아읍, 현일중고)","36.1","128.3","054-454-1987","054-454-8217","https://school.gyo6.net/hyunilhs","남녀공학","N","","N"
"경상북도교육청","경상북도교육청","경상북도 상주시","S150001012","화령고등학교","04","공립","일반고등학교","N","병설","주간","19671229","19671229","4725041023","경북 상주시 화서면 달천리","503-1번지.","742862","37139","경상북도 상주시 화서면 중화로 2187",", 화령고등학교 (화서면, 화령중고등학교)","36.442219088","127.945767418","054-533-0303","054-532-0083","https://school.gyo6.net/hwaryeong","남녀공학","N","","N"
"경상북도교육청","경상북도교육청","경상북도 울진군","S150001016","후포고등학교","04","공립","일반고등학교","N","병설","주간","19510831","19510831","4793038021","경상북도 울진군 후포면 후포5리","1015번지.","767833","36369","경상북도 울진군 후포면 후포로 41","(후포면, 후포중고등학교)","36.6802742","129.4460855","054-787-0486","054-787-4330","https://school.gyo6.net/hupohs","남녀공학","N","","N"
"경상북도교육청","경상북도교육청","경상북도 포항시 북구","S150001018","포항흥해공업고등학교","04","공립","특성화고등학교","N","단설","주간","19930301","19930301","4711325024","경상북도 포항시 북구 흥해읍 옥성2리","376.","791940","37544","경상북도 포항시 북구 흥해읍 동해대로1475번길 42",", 포항흥해공업고등학교 (흥해읍, 흥해공업고등학교)","36.1071306","129.3385127","054-261-1121","054-262-1204","http://school.gyo6.net/phth","남녀공학","N","","N"
"경상북도교육청","경상북도교육청","경상북도 영천시","S150005424","경북바이오마이스터고등학교","04","공립","특수목적고등학교","N","병설","주간","19701231","19540615","4723032026","경상북도 영천시 신녕면 매양리","405.","770812","38804","경상북도 영천시 신녕면 찰방길 8","(신녕면)","36.043386","128.780567","054-332-0474","054-333-5134","http://school.gyo6.net/gbm","남녀공학","N","","N"
"경상북도교육청","경상북도교육청","경상북도 포항시 북구","S150005434","한국해양마이스터고등학교","04","공립","특수목적고등학교","N","단설","주간","19500419","19500419","4711312400","경상북도 포항시 북구 여남동","390.","791290","37598","경상북도 포항시 북구 여남포길21번길 18","한국해양마이스터고등학교","36.074681","129.406506","054-252-0111","054-252-8564","http://school.gyo6.net/haema","남녀공학","N","","N"
"경상북도교육청","경상북도교육청","경상북도 의성군","S150005678","안계고등학교","04","공립","일반고등학교","N","단설","주간","19730928","19730928","4773043030","경상북도 의성군 안계면 용기1리","810.","769933","37313","경상북도 의성군 안계면 용기9길 9","안계고등학교","36.383399","128.43285","054-861-1928","054-861-1917","https://school.gyo6.net/angyehs","남녀공학","N","","N"
"경상북도교육청","경상북도교육청","경상북도 문경시","S150005950","경북조리과학고등학교","04","공립","특성화고등학교","N","단설","주간","19740105","19740105","4728025023","경상북도 문경시 문경읍 교촌리","160번지.","745801","36915","경상북도 문경시 문경읍 향교길 20","(문경읍)","36.7387576","128.1145104","054-572-0300","054-572-1303","http://school.gyo6.net/mgtour","남녀공학","N","","N"
"경상북도교육청","경상북도교육청","경상북도 성주군","S150005954","성주여자고등학교","04","사립","일반고등학교","N","단설","주간","19560316","19560316","4784025021","경상북도 성주군 성주읍 경산리","520번지.","719801","40024","경상북도 성주군 성주읍 성주여중고길 19","(성주읍,성주여자고등학교)","35.9169416","128.2825041","054-933-1702","054-933-3108","https://school.gyo6.net/sjghs","녀","N","","N"
"경상북도교육청","경상북도교육청","경상북도 구미시","S150006093","인동고등학교","04","공립","자율고등학교","N","단설","주간","20010223","20010223","4719012000","경상북도 구미시 구평동","477.","730300","39450","경상북도 구미시 인동36길 45","(구평동,인동고등학교)","36.0899318","128.4321861","054-476-7181","054-476-7187","https://school.gyo6.net/indonghs","남녀공학","N","","N"
"경상북도교육청","경상북도교육청","경상북도 포항시 남구","S150006136","포항이동고등학교","04","공립","일반고등학교","N","단설","주간","20060509","20040301","4711111700","경상북도 포항시 남구 이동","155.","790320","37659","경상북도 포항시 남구 희망대로 412","(이동, 포항이동고등학교)","36.0292567","129.3338779","054-278-8063","054-278-8011","http://school.gyo6.net/idonghs","남녀공학","N","","N"
"경상북도교육청","경상북도교육청","경상북도 포항시 북구","S150006137","두호고등학교","04","공립","일반고등학교","N","단설","주간","20040409","20040301","4711312000","경상북도 포항시 북구 두호동","1106.","791110","37624","경상북도 포항시 북구 학전로111번길 21","두호고등학교(두호동)","36.062828","129.373238","054-250-7260","054-232-6658","https://school.gyo6.net/duhohs","남녀공학","N","","N"
"경상북도교육청","경상북도교육청","경상북도 포항시 북구","S150006138","포항장성고등학교","04","공립","일반고등학교","N","단설","주간","20040301","20040301","4711312100","경상북도 포항시 북구 장성동","1498-1.","791260","37579","경상북도 포항시 북구 법원로 117","(장성동)","36.0859751","129.3847215","054-250-0702","054-244-7040","https://school.gyo6.net/phjshs","남녀공학","N","","N"
"경상북도교육청","경상북도교육청","경상북도 구미시","S150006139","상모고등학교","04","공립","일반고등학교","N","단설","주간","20040301","20040301","4719011600","경북 구미시 상모동","447-1번지.","730120","39342","경상북도 구미시 박정희로 60-22","(상모동, 상모고등학교)","36.084575","128.351768","054-714-1000","054-714-1109","http://school.gyo6.net/sangmohs","남녀공학","N","","N"
"경상북도교육청","경상북도교육청","경상북도 구미시","S150006140","사곡고등학교","04","공립","일반고등학교","N","단설","주간","20040301","20040301","4719011500","경북 구미시 사곡동","461-2번지.","730110","39331","경상북도 구미시 박정희로 195","(사곡동,사곡고등학교)","36.0967547","128.3525059","054-713-2500","054-464-7197","http://school.gyo6.net/sagok","남녀공학","N","","N"
"경상북도교육청","경상북도교육청","경상북도 구미시","S150006141","선주고등학교","04","공립","일반고등학교","N","단설","주간","20040301","20040301","4719010400","경상북도 구미시 봉곡동","7번지.","730200","39211","경상북도 구미시 야은로13길 13","(봉곡동, 선주고등학교)","36.1414463","128.3123296","054-440-6740","054-441-1728","https://school.gyo6.net/seonjuhs","남녀공학","N","","N"
"경상북도교육청","경상북도교육청","경상북도 경산시","S150006281","경산과학고등학교","04","공립","특수목적고등학교","N","단설","주간","20070301","20070301","4729012800","경북 경산시 갑제동","440-6번지.","712260","38540","경상북도 경산시 화랑로 66","(갑제동)","35.822467","128.769062","053-717-7201","053-717-7110","https://school.gyo6.net/gsshs","남녀공학","N","","N"
"경상북도교육청","경상북도교육청","경상북도 구미시","S150006291","형곡고등학교","04","공립","일반고등학교","N","단설","주간","20090301","20090301","4719010900","경북 구미시 형곡동","778-1번지.","730040","39321","경상북도 구미시 형곡동로2길 12-13",", 형곡고등학교 (형곡동)","36.101564","128.338477","054-443-0770","054-443-0772","https://school.gyo6.net/hyeonggokhs/main.do","남녀공학","N","","N"
"경상북도교육청","경상북도교육청","경상북도 칠곡군","S150006308","북삼고등학교","04","공립","자율고등학교","N","단설","주간","20100301","20100301","4785025325","경상북도 칠곡군 북삼읍 인평리","694-1번지.","718844","39801","경상북도 칠곡군 북삼읍 북삼로2길 130","(북삼읍, 북삼고등학교)","36.07161","128.334254","054-970-0003","054-970-0009","https://school.gyo6.net/buksamhs/main.do?sysId=buksamhs","남녀공학","N","","N"
"경상북도교육청","경상북도교육청","경상북도 경산시","S150006348","사동고등학교","04","공립","일반고등학교","N","단설","주간","20150506","20150217","4729012600","경상북도 경산시 사동","296번지.","712190","38602","경상북도 경산시 삼성현로91길 36","(사동, 사동고등학교)","35.805635","128.760227","053-819-8241","053-819-8295","https://school.gyo6.net/sadonggo","남녀공학","N","","N"
"경상북도교육청","경상북도교육청","경상북도 칠곡군","S150006416","석적고등학교","04","공립","일반고등학교","N","단설","주간","20130301","20130301","4785025600","경상북도 칠곡군 석적읍","15번지.","718833","39832","경상북도 칠곡군 석적읍 동중리 1길 65-20","(석적읍, 석적고등학교)","36.0816208","128.4184788","054-979-2501","054-979-2502","https://school.gyo6.net/seokjeok","남녀공학","N","","N"
"경상북도교육청","경상북도교육청","경상북도 김천시","S150006433","율곡고등학교","04","공립","일반고등학교","N","단설","주간","20150301","20150301","4715012000","",".","","39660","경상북도 김천시 용전4로3길 15","(율곡동, 율곡고등학교)","36.123537","128.191838","054-420-4611","054-420-4698","http://school.gyo6.net/ygg","남녀공학","N","","N"
"경상북도교육청","경상북도교육청","경상북도 구미시","S150006512","구미산동고등학교","04","공립","일반고등학교","N","단설","주간","20200301","20200301","4719025628","",".","","39164","경상북도 구미시 산동읍 신당인덕2로 11","(산동읍, 구미산동고등학교)","36.158822","128.43631","054-715-7900","054-715-7905","http://school.gyo6.net/gumisandonghs","남녀공학","N","","N"